-- phpMyAdmin SQL Dump
-- version 3.1.3.1
-- http://www.phpmyadmin.net
--
-- Host: localhost
-- Generation Time: Sep 05, 2013 at 03:28 AM
-- Server version: 5.1.33
-- PHP Version: 5.2.9

SET SQL_MODE="NO_AUTO_VALUE_ON_ZERO";


/*!40101 SET @OLD_CHARACTER_SET_CLIENT=@@CHARACTER_SET_CLIENT */;
/*!40101 SET @OLD_CHARACTER_SET_RESULTS=@@CHARACTER_SET_RESULTS */;
/*!40101 SET @OLD_COLLATION_CONNECTION=@@COLLATION_CONNECTION */;
/*!40101 SET NAMES utf8 */;

--
-- Database: `surveyor`
--

-- --------------------------------------------------------

--
-- Table structure for table `achievements`
--

CREATE TABLE IF NOT EXISTS `achievements` (
  `id` int(11) NOT NULL AUTO_INCREMENT,
  `campaign_id` int(11) NOT NULL,
  `region_id` int(11) NOT NULL,
  `region_target` int(11) NOT NULL DEFAULT '0',
  `region_achieved` int(11) NOT NULL DEFAULT '0',
  PRIMARY KEY (`id`)
) ENGINE=MyISAM  DEFAULT CHARSET=latin1 AUTO_INCREMENT=17 ;

--
-- Dumping data for table `achievements`
--

INSERT INTO `achievements` (`id`, `campaign_id`, `region_id`, `region_target`, `region_achieved`) VALUES
(7, 8, 28, 60, 17),
(8, 8, 29, 45, 0),
(9, 8, 30, 50, 0),
(10, 8, 31, 55, 0),
(11, 8, 32, 75, 3),
(12, 9, 28, 4680, 0),
(13, 9, 29, 0, 0),
(14, 9, 30, 0, 0),
(15, 9, 31, 0, 0),
(16, 9, 32, 0, 0);

-- --------------------------------------------------------

--
-- Table structure for table `ages`
--

CREATE TABLE IF NOT EXISTS `ages` (
  `id` int(11) NOT NULL AUTO_INCREMENT,
  `lower_age` int(11) NOT NULL,
  `upper_age` int(11) NOT NULL,
  PRIMARY KEY (`id`)
) ENGINE=MyISAM  DEFAULT CHARSET=latin1 AUTO_INCREMENT=3 ;

--
-- Dumping data for table `ages`
--


-- --------------------------------------------------------

--
-- Table structure for table `areas`
--

CREATE TABLE IF NOT EXISTS `areas` (
  `id` int(11) NOT NULL AUTO_INCREMENT,
  `region_id` int(11) NOT NULL,
  `title` varchar(40) NOT NULL,
  PRIMARY KEY (`id`)
) ENGINE=InnoDB  DEFAULT CHARSET=latin1 AUTO_INCREMENT=99 ;

--
-- Dumping data for table `areas`
--

INSERT INTO `areas` (`id`, `region_id`, `title`) VALUES
(82, 28, 'Dhaka Central'),
(83, 28, 'Dhaka South'),
(84, 28, 'Dhaka West'),
(85, 28, 'Dhaka North'),
(86, 29, 'CTG North'),
(87, 29, 'CTG South'),
(88, 29, 'Comilla'),
(89, 29, 'Chowmuhuni'),
(90, 30, 'Sylhet'),
(91, 30, 'B. Baria'),
(92, 30, 'Mymensing'),
(93, 31, 'Bogra'),
(94, 31, 'Rajshahi'),
(95, 31, 'Rangpur'),
(96, 32, 'Khulna'),
(97, 32, 'Kushtia'),
(98, 32, 'Barisal');

-- --------------------------------------------------------

--
-- Table structure for table `campaigns`
--

CREATE TABLE IF NOT EXISTS `campaigns` (
  `id` int(11) NOT NULL AUTO_INCREMENT,
  `title` varchar(120) NOT NULL,
  `total_target` int(11) NOT NULL DEFAULT '0',
  `start_date` datetime NOT NULL,
  `end_date` datetime NOT NULL,
  PRIMARY KEY (`id`)
) ENGINE=InnoDB  DEFAULT CHARSET=latin1 AUTO_INCREMENT=10 ;

--
-- Dumping data for table `campaigns`
--

INSERT INTO `campaigns` (`id`, `title`, `total_target`, `start_date`, `end_date`) VALUES
(8, 'First Campaign', 285, '2013-07-25 00:00:00', '2013-09-30 00:00:00'),
(9, 'Second Campaign', 6240, '2013-07-29 00:00:00', '2013-07-31 00:00:00');

-- --------------------------------------------------------

--
-- Table structure for table `campaign_details`
--

CREATE TABLE IF NOT EXISTS `campaign_details` (
  `id` int(11) NOT NULL AUTO_INCREMENT,
  `campaign_id` int(11) NOT NULL,
  `house_id` int(11) NOT NULL,
  `house_target` int(11) NOT NULL,
  `house_achieved` int(11) NOT NULL DEFAULT '0',
  `house_feedback_target` int(11) NOT NULL DEFAULT '0',
  PRIMARY KEY (`id`)
) ENGINE=MyISAM  DEFAULT CHARSET=latin1 AUTO_INCREMENT=293 ;

--
-- Dumping data for table `campaign_details`
--

INSERT INTO `campaign_details` (`id`, `campaign_id`, `house_id`, `house_target`, `house_achieved`, `house_feedback_target`) VALUES
(233, 8, 259, 5, 12, 5),
(234, 8, 260, 5, 0, 0),
(235, 8, 261, 5, 0, 0),
(236, 8, 262, 5, 0, 0),
(237, 8, 263, 5, 2, 0),
(238, 8, 264, 5, 0, 0),
(239, 8, 265, 5, 0, 0),
(240, 8, 266, 5, 3, 0),
(241, 8, 267, 5, 0, 0),
(242, 8, 268, 5, 0, 0),
(243, 8, 269, 5, 0, 0),
(244, 8, 270, 5, 0, 0),
(245, 8, 271, 5, 0, 0),
(246, 8, 272, 5, 0, 0),
(247, 8, 273, 5, 0, 0),
(248, 8, 274, 5, 0, 0),
(249, 8, 275, 5, 0, 0),
(250, 8, 276, 5, 0, 0),
(251, 8, 277, 5, 0, 0),
(252, 8, 278, 5, 0, 0),
(253, 8, 279, 5, 0, 0),
(254, 8, 280, 5, 0, 0),
(255, 8, 281, 5, 0, 0),
(256, 8, 282, 5, 0, 0),
(257, 8, 283, 5, 0, 0),
(258, 8, 284, 5, 0, 0),
(259, 8, 285, 5, 0, 0),
(260, 8, 286, 5, 0, 0),
(261, 8, 287, 5, 0, 0),
(262, 8, 288, 5, 0, 0),
(263, 8, 289, 5, 0, 0),
(264, 8, 290, 5, 0, 0),
(265, 8, 291, 5, 0, 0),
(266, 8, 292, 5, 0, 0),
(267, 8, 293, 5, 0, 0),
(268, 8, 294, 5, 0, 0),
(269, 8, 295, 5, 0, 0),
(270, 8, 296, 5, 0, 0),
(271, 8, 297, 5, 0, 0),
(272, 8, 298, 5, 0, 0),
(273, 8, 299, 5, 0, 0),
(274, 8, 300, 5, 0, 0),
(275, 8, 301, 5, 3, 5),
(276, 8, 302, 5, 0, 0),
(277, 8, 303, 5, 0, 2),
(278, 8, 304, 5, 0, 0),
(279, 8, 305, 5, 0, 0),
(280, 8, 306, 5, 0, 0),
(281, 8, 307, 5, 0, 0),
(282, 8, 308, 5, 0, 0),
(283, 8, 309, 5, 0, 0),
(284, 8, 310, 5, 0, 0),
(285, 8, 311, 5, 0, 0),
(286, 8, 312, 5, 0, 0),
(287, 8, 313, 5, 0, 0),
(288, 8, 314, 5, 0, 0),
(289, 8, 315, 5, 0, 0),
(290, 9, 267, 3360, 0, 0),
(291, 9, 268, 1320, 0, 0),
(292, 9, 268, 1560, 0, 0);

-- --------------------------------------------------------

--
-- Table structure for table `consumptions`
--

CREATE TABLE IF NOT EXISTS `consumptions` (
  `id` int(11) NOT NULL AUTO_INCREMENT,
  `lower_no` int(11) NOT NULL,
  `upper_no` int(11) NOT NULL,
  PRIMARY KEY (`id`)
) ENGINE=MyISAM DEFAULT CHARSET=latin1 AUTO_INCREMENT=1 ;

--
-- Dumping data for table `consumptions`
--


-- --------------------------------------------------------

--
-- Table structure for table `feedbacks`
--

CREATE TABLE IF NOT EXISTS `feedbacks` (
  `id` int(11) NOT NULL AUTO_INCREMENT,
  `survey_id` int(11) NOT NULL,
  `user_id` int(11) NOT NULL,
  `is_right_name` varchar(25) NOT NULL,
  `is_right_age` varchar(25) NOT NULL,
  `is_right_occupation` varchar(30) NOT NULL,
  `current_brand` varchar(30) NOT NULL,
  `new_pack` varchar(25) NOT NULL,
  `tobacco_quality` varchar(25) NOT NULL,
  `br_toolkit` varchar(25) NOT NULL,
  `got_ptr` varchar(25) NOT NULL,
  `created` datetime NOT NULL,
  PRIMARY KEY (`id`)
) ENGINE=MyISAM  DEFAULT CHARSET=latin1 AUTO_INCREMENT=37 ;

--
-- Dumping data for table `feedbacks`
--

INSERT INTO `feedbacks` (`id`, `survey_id`, `user_id`, `is_right_name`, `is_right_age`, `is_right_occupation`, `current_brand`, `new_pack`, `tobacco_quality`, `br_toolkit`, `got_ptr`, `created`) VALUES
(36, 29, 6, 'Right', 'Right', 'Right', 'Gold Leaf', 'Yes', 'No', 'No', 'Yes', '2013-08-18 22:36:09');

-- --------------------------------------------------------

--
-- Table structure for table `houses`
--

CREATE TABLE IF NOT EXISTS `houses` (
  `id` int(11) NOT NULL AUTO_INCREMENT,
  `area_id` int(11) NOT NULL,
  `title` varchar(50) NOT NULL,
  PRIMARY KEY (`id`)
) ENGINE=InnoDB  DEFAULT CHARSET=latin1 AUTO_INCREMENT=316 ;

--
-- Dumping data for table `houses`
--

INSERT INTO `houses` (`id`, `area_id`, `title`) VALUES
(259, 82, 'Agrani Trading, Moghbazar'),
(260, 82, 'Agrani Trading, Gulshan'),
(261, 82, 'Agrani Trading, Motijheel'),
(262, 82, 'Agrani Trading, Mirpur'),
(263, 83, 'The jamal & Co, Dhanmondi'),
(264, 83, 'The jamal & Co, Naryanganj'),
(265, 83, 'Sales Promotion Service'),
(266, 84, 'Alam Corporation Limited'),
(267, 84, 'Hossain Brothers'),
(268, 85, 'Azahar Trading Ltd.'),
(269, 85, 'A.M.I & Company'),
(270, 85, 'S.M Shahnewaz & Com'),
(271, 86, 'Zahid Enterprise'),
(272, 86, 'Arafa Store'),
(273, 87, 'Prime Enterprise'),
(274, 87, 'Al-amin Store'),
(275, 88, 'M/S Fariduddin Ahmed'),
(276, 88, 'M/S Abdul Latif Chowdhury'),
(277, 88, 'New Sagorica,Chandpur'),
(278, 89, 'M/S Habib Brothers '),
(279, 89, 'M/S Momin store'),
(280, 90, 'MBKB Sylhet'),
(281, 90, 'MBKB Sunamgonj'),
(282, 90, 'South Sylhet M.Bazar'),
(283, 91, 'M/S Sharif Store'),
(284, 91, 'M/S B.C Paul'),
(285, 91, 'M/S JR Corporation'),
(286, 92, 'M/S Noor Sons'),
(287, 92, 'Amin&Co. Sherpur'),
(288, 92, 'M/S Islam traders'),
(289, 92, 'M/S Shoshi Mohon Roy'),
(290, 93, 'Mr Brothers Bogra'),
(291, 93, 'Mr Brothers Sirajgonj'),
(292, 93, 'Spectrum, Joypurhat'),
(293, 93, 'Channa & Brothers, Naogaon'),
(294, 94, 'M/S Abul Hossain, Rajshahi'),
(295, 94, 'M/S Haque & Co. Chapai'),
(296, 94, 'M/S Abul Hossain, Natore'),
(297, 94, 'Daffodils, Pabna'),
(298, 95, 'Shaireen Enterprise'),
(299, 95, 'Zaara Tradelink'),
(300, 95, 'Moulovi Brothers'),
(301, 96, 'Rafiq Enterprise'),
(302, 96, 'M/S Shaike Brothers'),
(303, 96, 'M/S Azizur Rahman'),
(304, 96, 'Akram Enterprise'),
(305, 97, 'M/S Joardder Traders'),
(306, 97, 'Sanaullah Traders'),
(307, 97, 'Desh Trade Link'),
(308, 97, 'Mir Akhter Hossain Ltd'),
(309, 97, 'M/S Tarik Ahmed Dipu'),
(310, 98, 'J. Ahmed & Co,'),
(311, 98, 'A. Rahman & Son'),
(312, 98, 'Lubna Traders'),
(313, 98, 'Kazi Sayed Ali'),
(314, 98, 'Hajee & Son, '),
(315, 98, 'Humayun Store');

-- --------------------------------------------------------

--
-- Table structure for table `mobiles`
--

CREATE TABLE IF NOT EXISTS `mobiles` (
  `id` int(8) NOT NULL AUTO_INCREMENT,
  `representative_id` int(7) NOT NULL,
  `mobile_no` varchar(15) NOT NULL,
  PRIMARY KEY (`id`)
) ENGINE=MyISAM  DEFAULT CHARSET=latin1 AUTO_INCREMENT=6311 ;

--
-- Dumping data for table `mobiles`
--

INSERT INTO `mobiles` (`id`, `representative_id`, `mobile_no`) VALUES
(6199, 10459, '8801675832989'),
(6200, 10485, '8801710855560'),
(6201, 10511, '8801819003724'),
(6202, 10537, '881722496979'),
(6203, 10563, '881764393636'),
(6204, 10589, '881911658672'),
(6205, 10615, '881676912212'),
(6206, 10641, '881671772994'),
(6207, 10667, '881675853561'),
(6208, 10693, '881765455666'),
(6209, 10719, '881817013293'),
(6210, 10745, '881717547772'),
(6211, 10771, '881199443592'),
(6212, 10797, '881777063794'),
(6213, 10823, '881717647548'),
(6214, 10849, '881818871612'),
(6215, 10875, '881916149470'),
(6216, 10901, '881920345213'),
(6217, 10927, '881918135924'),
(6218, 10953, '881716761288'),
(6219, 10979, '881714747664'),
(6220, 11005, '8801674560042'),
(6221, 11007, '8801674560043'),
(6222, 11009, '8801674560044'),
(6223, 11011, '8801674560045'),
(6224, 11013, '8801674560046'),
(6225, 11015, '8801674560047'),
(6226, 11017, '8801674560048'),
(6227, 11019, '8801674560049'),
(6228, 11021, '8801674560050'),
(6229, 11023, '8801674560051'),
(6230, 11025, '8801674560052'),
(6231, 11027, '8801674560053'),
(6232, 11042, '8801670-385267'),
(6233, 11044, '8801670-385268'),
(6234, 11046, '8801670-385269'),
(6235, 11048, '8801670-385270'),
(6236, 11050, '8801670-385271'),
(6237, 11052, '8801670-385272'),
(6238, 11054, '8801670-385273'),
(6239, 11056, '8801670-385274'),
(6240, 11058, '8801670-385275'),
(6241, 11060, '8801670-385276'),
(6242, 11062, '8801670-385277'),
(6243, 11064, '8801670-385278'),
(6244, 11066, '8801670-385279'),
(6245, 11068, '8801670-385280'),
(6246, 11081, '8801719640066'),
(6247, 11083, '8801719640067'),
(6248, 11085, '8801719640068'),
(6249, 11088, '8801719640069'),
(6250, 11090, '8801719640070'),
(6251, 11093, '8801719640071'),
(6252, 11095, '8801719640072'),
(6253, 11097, '8801719640073'),
(6254, 11100, '8801719640074'),
(6255, 11102, '8801719640075'),
(6256, 11104, '8801719640076'),
(6257, 11117, '8801673441838'),
(6258, 11119, '8801673441839'),
(6259, 11121, '8801673441840'),
(6260, 11123, '8801673441841'),
(6261, 11125, '8801673441842'),
(6262, 11127, '8801673441843'),
(6263, 11129, '8801673441844'),
(6264, 11131, '8801673441845'),
(6265, 11133, '8801673441846'),
(6266, 11135, '8801673441847'),
(6267, 11152, '8801840013688'),
(6268, 11178, '8801820277710'),
(6269, 11204, '8801814501989'),
(6270, 11230, '8801612-556655'),
(6271, 11256, '8801682-511580'),
(6272, 11282, '8801678170528'),
(6273, 11308, '8801818-917729'),
(6274, 11334, '8801722-904000'),
(6275, 11360, '8801830-180103'),
(6276, 11386, '8801911-602361'),
(6277, 11412, '8801712252890'),
(6278, 11438, '881713024780'),
(6279, 11464, '881722660138'),
(6280, 11490, '881712078460'),
(6281, 11516, '881717780737'),
(6282, 11542, '881720041410'),
(6283, 11568, '881711187187'),
(6284, 11594, '8801713-565033'),
(6285, 11620, '8801917-100662'),
(6286, 11646, '8801830-761591'),
(6287, 11672, '881710094712'),
(6288, 11698, '8801719-345396'),
(6289, 11724, '8801729-106588'),
(6290, 11750, '8801714-567282'),
(6291, 11776, '8801835-129730'),
(6292, 11802, '881717866841'),
(6293, 11828, '881734579404'),
(6294, 11854, '881712704545'),
(6295, 11880, '8801717143379'),
(6296, 11906, '881919222703'),
(6297, 11932, '881740571060'),
(6298, 11958, '8801717590015'),
(6299, 11984, '8801719470662'),
(6300, 12010, '8801190736162'),
(6301, 12036, '8801718209747'),
(6302, 12062, '8801755543466'),
(6303, 12088, '8801926-688323'),
(6304, 12114, '8801755-532594'),
(6305, 12140, '8801755-532595'),
(6306, 12166, '881721618009'),
(6307, 12192, '881717252248'),
(6308, 12218, '881758757561');

-- --------------------------------------------------------

--
-- Table structure for table `mo_logs`
--

CREATE TABLE IF NOT EXISTS `mo_logs` (
  `id` int(11) NOT NULL AUTO_INCREMENT,
  `msisdn` varchar(15) NOT NULL,
  `sms` varchar(160) NOT NULL,
  `keyword` varchar(10) NOT NULL,
  `datetime` varchar(30) NOT NULL,
  `time_int` int(11) NOT NULL,
  PRIMARY KEY (`id`)
) ENGINE=InnoDB  DEFAULT CHARSET=latin1 AUTO_INCREMENT=107 ;

--
-- Dumping data for table `mo_logs`
--

INSERT INTO `mo_logs` (`id`, `msisdn`, `sms`, `keyword`, `datetime`, `time_int`) VALUES
(51, '8801914825528', 'BR 1, BILLAH, 01685089561, 24, 10, B, 1', 'BR', '2013-07-28', 1374961966),
(52, '8801914825528', 'BR 1, CAPAL, 01685089571, 19, 15, B, 2', 'BR', '2013-07-28', 1374961977),
(53, '8801914825528', 'BR 1, DELOWAR, 01685089541, 34, 20, A, 3', 'BR', '2013-07-28', 1374961985),
(54, '8801914825528', 'BR 2, ERFAN, 01785089541, 34, 8, B, 4', 'BR', '2013-07-28', 1374962018),
(55, '8801914825528', 'BR 145, EMTI, 01785089521, 24, 18, B, 1', 'BR', '2013-07-28', 1374962026),
(56, '8801914825528', 'BR 145, EMTI, 01785089531, 23, 11, B, 2', 'BR', '2013-07-28', 1374962034),
(57, '8801914825528', 'BR 276, RIFAT, 01185089531, 23, 11, C, 1', 'BR', '2013-07-28', 1374962044),
(58, '8801914825528', 'BR 276, EMON, 01785079531, 33, 15, B, 2', 'BR', '2013-07-28', 1374962052),
(59, '8801914825528', 'BR 276, EMAN, 01885079531, 33, 15, B, 3', 'BR', '2013-07-28', 1374962059),
(60, '8801914825528', 'BR 1459, ASHRAF, 01785079591, 33, 15, B, 1', 'BR', '2013-07-28', 1374962069),
(61, '8801914825528', 'BR 1459, RIFAT, 01785079532, 33, 15, B, 2', 'BR', '2013-07-28', 1374962076),
(62, '8801914825528', 'BR 1460, RAJU, 01785079533, 33, 10, D, 1', 'BR', '2013-07-28', 1374962085),
(63, '8801914825528', 'BR 1, SOHEL, 01911174811, 24, 10, B, 1', 'BR', '2013-07-30', 1375126058),
(64, '8801914825528', 'BR 1, SOHEL, 01911174811, 24, 12, B, 1', 'BR', '2013-07-30', 1375126512),
(65, '8801914825528', 'BR 1, SIMIR, 01911174810, 24, 12, B, 1', 'BR', '2013-07-29', 1375040168),
(66, '8801914825528', 'BR 1, SIMIR MIA, 01911174810, 24, 12, B, 1', 'BR', '2013-07-29', 1375040399),
(67, '8801914825528', 'BR 1, SIMIR MIA,01911174810,24,12,B,1', 'BR', '2013-07-29', 1375041083),
(68, '8801914825528', 'BR 1, SIMIR MIA,01911174810,24,12,B,1', 'BR', '2013-07-29', 1375041138),
(69, '8801914825528', 'BR 1, SIMIR MIA,01911174810,24,12,B,1', 'BR', '2013-07-29', 1375041243),
(70, '8801914825528', 'BR 1, SIMIR MIA,01911174810,24,12,B,1', 'BR', '2013-07-29', 1375041252),
(71, '8801914825528', 'BR 1, SIMIR MIA,01911174810,24,12,B,1', 'BR', '2013-07-29', 1375041455),
(72, '8801914825528', 'BR 1, ABDULLAH,01911174815,24,12,B,2', 'BR', '2013-07-29', 1375041521),
(73, '8801914825528', 'BR 1, ABDUR RAHMAN,01911174815,24,12,B,2', 'BR', '2013-07-29', 1375041550),
(74, '8801914825528', 'BR 1, BILLAH, 01685999999, 24, 10, B, 1', 'BR', '2013-07-30', 1375186827),
(75, '8801914825528', 'BR 1, BILLAH, 01685999990, 24, 10, B, 1', 'BR', '2013-07-30', 1375186836),
(76, '8801914825528', 'BR 1, BILLAH, 01685999960, 24, 10, B, 1', 'BR', '2013-07-30', 1375186845),
(77, '8801914825528', 'BR 1, BILLAH, 01685999967, 24, 10, B, 1', 'BR', '2013-07-30', 1375190270),
(78, '8801914825528', 'BR 1, BILLAH, 01685999867, 24, 10, B, 1', 'BR', '2013-07-30', 1375190279),
(79, '8801914825528', 'BR 1, BILLAH, 01685599867, 24, 10, B, 1', 'BR', '2013-07-30', 1375190482),
(80, '8801914825528', 'BR 1, BILLAH, 01585599867, 24, 10, B, 1', 'BR', '2013-07-30', 1375190569),
(81, '8801914825528', 'BR 1, BILLAH, 01555599867, 24, 10, B, 1', 'BR', '2013-07-30', 1375190694),
(82, '8801914825528', 'BR 1, BILLAH, 01155599867, 24, 10, B, 1', 'BR', '2013-07-30', 1375190776),
(83, '8801914825528', 'BR 1, BILLAH, 01155599867, 24, 10, B, 1', 'BR', '2013-07-30', 1375190819),
(84, '8801914825528', 'BR 1, BILLAH, 01155599867, 24, 10, B, 2', 'BR', '2013-07-30', 1375190912),
(85, '881914825528', 'BR 1, BILLAH, 01155599867, 24, 10, B, 2', 'BR', '2013-07-30', 1375190920),
(86, '8801914825528', 'BR 1, BILLAH, 1155599867, 24, 10, B, 2', 'BR', '2013-07-30', 1375190930),
(87, '8801914825528', 'BR 1, BILLAH, 1155599867, 24, 10, B, 2', 'BR', '2013-07-30', 1375191072),
(88, '8801914825528', 'BR 1, BILLAH, 1155599867, 24, 10, B, 2', 'BR', '2013-07-30', 1375191194),
(89, '8801914825528', 'BR 1, BILLAH, 1155599067, 24, 10, B, 3', 'BR', '2013-07-30', 1375192689),
(90, '8801914825528', 'BR 1, BILLAH, 01155599067, 24, 10, B, 3', 'BR', '2013-07-30', 1375192694),
(91, '8801914825528', 'BR 1, BILLAH, 01155599007, 24, 10, B, 4', 'BR', '2013-07-30', 1375192974),
(92, '8801914825528', 'BR 1, BILLAH, 01155599007, 24, 10, B, 5', 'BR', '2013-07-30', 1375192984),
(93, '8801914825528', 'BR 1, BILLAH, 01155509007, 24, 10, B, 5', 'BR', '2013-07-30', 1375192994),
(94, '8801914825528', 'BR 1, BILLAH, 01955509007, 24, 10, B, 6', 'BR', '2013-07-30', 1375193055),
(95, '8801914825528', 'BR 1, BILLAH, 01955509000, 24, 10, B, 7', 'BR', '2013-07-30', 1375193127),
(96, '8801914825528', 'BR 1, BILLAH, 01955500000, 24, 10, B, 8', 'BR', '2013-07-30', 1375193169),
(97, '8801914825528', 'BR 1, BILLAH, 01155500000, 24, 10, B, 9', 'BR', '2013-07-30', 1375193212),
(98, '8801914825528', 'BR 1, BILLAH, 01155500000, 24, 10, B, 9', 'BR', '2013-07-30', 1375193246),
(99, '88', 'BR 1, BILLAH, 168, 24, 10, B, 1', 'BR', '2013-07-31', 1375248374),
(100, '8801914825528', 'BR 1, BILLAH, 168, 24, 10, B, 1', 'BR', '2013-07-31', 1375248379),
(101, '8801914825528', 'BR BR1, BILLAH, 01685089561, 24, 10, B, 1', 'BR', '2013-08-06', 1375758039),
(102, '8801914825528', 'BR 1, BILLAH, 01685089561, 24, 10, B, 1', 'BR', '2013-08-06', 1375758046),
(103, '8801914825528', 'BR BR1, BILLAH, 01685089561, 24, 10, B, 1', 'BR', '2013-08-30', 1377799476),
(104, '8801914825528', 'BR 1, BILLAH, 01685089561, 24, 10, B, 1', 'BR', '2013-08-30', 1377799491),
(105, '8801914825528', 'BR 1, SIMIR MIA,01685089561,24,12,B,1', 'BR', '2013-08-30', 1377799664),
(106, '8801914825528', 'BR 2, SIMIR MIA,01685089561,24,12,B,1', 'BR', '2013-08-30', 1377799681);

-- --------------------------------------------------------

--
-- Table structure for table `mt_logs`
--

CREATE TABLE IF NOT EXISTS `mt_logs` (
  `id` int(11) NOT NULL AUTO_INCREMENT,
  `msisdn` varchar(15) NOT NULL,
  `sms` varchar(165) NOT NULL,
  `keyword` varchar(10) NOT NULL,
  `datetime` varchar(30) NOT NULL,
  `time_int` int(11) NOT NULL,
  PRIMARY KEY (`id`)
) ENGINE=InnoDB  DEFAULT CHARSET=latin1 AUTO_INCREMENT=87 ;

--
-- Dumping data for table `mt_logs`
--

INSERT INTO `mt_logs` (`id`, `msisdn`, `sms`, `keyword`, `datetime`, `time_int`) VALUES
(36, '8801914825528', 'Thank you! Your message have been received.', 'BR', '2013-07-28', 1374961966),
(37, '8801914825528', 'Thank you! Your message have been received.', 'BR', '2013-07-28', 1374961977),
(38, '8801914825528', 'Thank you! Your message have been received.', 'BR', '2013-07-28', 1374961985),
(39, '8801914825528', 'Thank you! Your message have been received.', 'BR', '2013-07-28', 1374962018),
(40, '8801914825528', 'Thank you! Your message have been received.', 'BR', '2013-07-28', 1374962026),
(41, '8801914825528', 'Thank you! Your message have been received.', 'BR', '2013-07-28', 1374962034),
(42, '8801914825528', 'Thank you! Your message have been received.', 'BR', '2013-07-28', 1374962044),
(43, '8801914825528', 'Thank you! Your message have been received.', 'BR', '2013-07-28', 1374962052),
(44, '8801914825528', 'Thank you! Your message have been received.', 'BR', '2013-07-28', 1374962059),
(45, '8801914825528', 'Thank you! Your message have been received.', 'BR', '2013-07-28', 1374962069),
(46, '8801914825528', 'Thank you! Your message have been received.', 'BR', '2013-07-28', 1374962076),
(47, '8801914825528', 'Thank you! Your message have been received.', 'BR', '2013-07-28', 1374962085),
(48, '8801914825528', 'Thank you! Your message have been received.', 'BR', '2013-07-30', 1375126058),
(49, '8801914825528', 'Thank you! Your message have been updated.', 'BR', '2013-07-30', 1375126512),
(50, '8801914825528', 'Thank you! Your message have been received.', 'BR', '2013-07-29', 1375040168),
(51, '8801914825528', 'Your SMS format is wrong, plesae try again with right format.', 'BR', '2013-07-29', 1375040399),
(52, '8801914825528', 'Thank you! Your message have been updated.', 'BR', '2013-07-29', 1375041455),
(53, '8801914825528', 'Thank you! Your message have been received.', 'BR', '2013-07-29', 1375041521),
(54, '8801914825528', 'Thank you! Your message have been updated.', 'BR', '2013-07-29', 1375041550),
(55, '8801914825528', 'Thank you! Your message have been received.', 'BR', '2013-07-30', 1375186827),
(56, '8801914825528', 'Thank you! Your message have been received.', 'BR', '2013-07-30', 1375186836),
(57, '8801914825528', 'Thank you! Your message have been received.', 'BR', '2013-07-30', 1375186845),
(58, '8801914825528', 'Thank you! Your message have been updated.', 'BR', '2013-07-30', 1375190270),
(59, '8801914825528', 'Thank you! Your message have been updated.', 'BR', '2013-07-30', 1375190279),
(60, '8801914825528', 'Thank you! Your message have been updated.', 'BR', '2013-07-30', 1375190482),
(61, '8801914825528', 'Thank you! Your message have been updated.', 'BR', '2013-07-30', 1375190569),
(62, '8801914825528', 'Thank you! Your message have been updated.', 'BR', '2013-07-30', 1375190694),
(63, '8801914825528', 'Thank you! Your message have been updated.', 'BR', '2013-07-30', 1375190776),
(64, '8801914825528', 'Thank you! Your message have been updated.', 'BR', '2013-07-30', 1375190819),
(65, '8801914825528', 'Sorry! You have already inserted values for this customer.', 'BR', '2013-07-30', 1375190912),
(66, '881914825528', 'Sorry! Your mobile number is invalid.', 'BR', '2013-07-30', 1375190920),
(67, '8801914825528', 'Sorry! Invalid customer''s mobile no.', 'BR', '2013-07-30', 1375191072),
(68, '8801914825528', 'Sorry! Invalid customers mobile no.', 'BR', '2013-07-30', 1375191194),
(69, '8801914825528', 'Sorry! Invalid customers mobile no.', 'BR', '2013-07-30', 1375192689),
(70, '8801914825528', 'Thank you! Your message have been updated.', 'BR', '2013-07-30', 1375192694),
(71, '8801914825528', 'Thank you! Your message have been updated.', 'BR', '2013-07-30', 1375192974),
(72, '8801914825528', 'Sorry! You have already inserted values for this customer.', 'BR', '2013-07-30', 1375192984),
(73, '8801914825528', 'Thank you! Your message have been updated.', 'BR', '2013-07-30', 1375192994),
(74, '8801914825528', 'Thank you! Your message have been updated.', 'BR', '2013-07-30', 1375193055),
(75, '8801914825528', 'Thank you! Your message have been updated.', 'BR', '2013-07-30', 1375193127),
(76, '8801914825528', 'Thank you! Your message have been updated.', 'BR', '2013-07-30', 1375193169),
(77, '8801914825528', 'Thank you! Your message have been received.', 'BR', '2013-07-30', 1375193212),
(78, '8801914825528', 'Thank you! Your message have been updated.', 'BR', '2013-07-30', 1375193246),
(79, '88', 'Sorry! Your mobile number is invalid.', 'BR', '2013-07-31', 1375248374),
(80, '8801914825528', 'Sorry! Consumer phone number must be of 11 digits. Please try again with right number.', 'BR', '2013-07-31', 1375248379),
(81, '8801914825528', 'Invalid BR code! Please try again with valid code.', 'BR', '2013-08-06', 1375758039),
(82, '8801914825528', 'Sorry! We have already finished our campaign with this consumer. Please try with other consumer.', 'BR', '2013-08-06', 1375758046),
(83, '8801914825528', 'Invalid BR code! Please try again with valid code.', 'BR', '2013-08-30', 1377799476),
(84, '8801914825528', 'Sorry! This consumer has already been contacted.', 'BR', '2013-08-30', 1377799491),
(85, '8801914825528', 'Sorry! This consumer has already been contacted.', 'BR', '2013-08-30', 1377799664),
(86, '8801914825528', 'Thank you! Your message have been received.', 'BR', '2013-08-30', 1377799681);

-- --------------------------------------------------------

--
-- Table structure for table `occupations`
--

CREATE TABLE IF NOT EXISTS `occupations` (
  `id` int(5) NOT NULL AUTO_INCREMENT,
  `title` varchar(20) NOT NULL,
  `code` varchar(4) NOT NULL,
  `created` datetime NOT NULL,
  PRIMARY KEY (`id`)
) ENGINE=MyISAM  DEFAULT CHARSET=latin1 AUTO_INCREMENT=5 ;

--
-- Dumping data for table `occupations`
--

INSERT INTO `occupations` (`id`, `title`, `code`, `created`) VALUES
(1, 'Service', 'A', '2013-07-26 13:21:09'),
(2, 'Student', 'B', '2013-07-26 13:21:33'),
(3, 'Business', 'C', '2013-07-27 12:24:36'),
(4, 'Others', 'D', '2013-07-27 12:24:45');

-- --------------------------------------------------------

--
-- Table structure for table `off_days`
--

CREATE TABLE IF NOT EXISTS `off_days` (
  `id` int(11) NOT NULL AUTO_INCREMENT,
  `campaign_id` int(11) NOT NULL,
  `off_day` date NOT NULL,
  PRIMARY KEY (`id`)
) ENGINE=MyISAM  DEFAULT CHARSET=latin1 AUTO_INCREMENT=4 ;

--
-- Dumping data for table `off_days`
--

INSERT INTO `off_days` (`id`, `campaign_id`, `off_day`) VALUES
(2, 8, '2013-08-02'),
(3, 8, '2013-08-09');

-- --------------------------------------------------------

--
-- Table structure for table `regions`
--

CREATE TABLE IF NOT EXISTS `regions` (
  `id` int(11) NOT NULL AUTO_INCREMENT,
  `title` varchar(50) NOT NULL,
  PRIMARY KEY (`id`)
) ENGINE=InnoDB  DEFAULT CHARSET=latin1 AUTO_INCREMENT=33 ;

--
-- Dumping data for table `regions`
--

INSERT INTO `regions` (`id`, `title`) VALUES
(28, 'Dhaka'),
(29, 'Chittagong'),
(30, 'Sylhet'),
(31, 'Bogra'),
(32, 'Khulna');

-- --------------------------------------------------------

--
-- Table structure for table `representatives`
--

CREATE TABLE IF NOT EXISTS `representatives` (
  `id` int(11) NOT NULL AUTO_INCREMENT,
  `house_id` int(11) NOT NULL,
  `superviser_id` int(11) NOT NULL DEFAULT '0',
  `superviser_name` varchar(40) DEFAULT NULL,
  `name` varchar(50) NOT NULL,
  `br_code` varchar(20) CHARACTER SET utf8 DEFAULT NULL,
  PRIMARY KEY (`id`)
) ENGINE=InnoDB  DEFAULT CHARSET=latin1 AUTO_INCREMENT=12246 ;

--
-- Dumping data for table `representatives`
--

INSERT INTO `representatives` (`id`, `house_id`, `superviser_id`, `superviser_name`, `name`, `br_code`) VALUES
(10459, 259, 0, 'Md. Rakib Hossen', 'Md. Rakib Hossen', ''),
(10460, 259, 10485, 'Md. Rakib Hossen', 'Md Kazi Salaudin Harun', '1'),
(10461, 259, 10459, 'Md. Rakib Hossen', 'AKRAM HOSSAIN', '2'),
(10462, 259, 10459, 'Md. Rakib Hossen', 'MD.YAMEN HOSSAIN', '3'),
(10463, 259, 10459, 'Md. Rakib Hossen', 'MD.NURUZZAMAN RANA', '4'),
(10464, 259, 10459, 'Md. Rakib Hossen', 'MD.AZHARUL ISLAM', '5'),
(10465, 259, 10459, 'Md. Rakib Hossen', 'MD.TORIKUL ISLAM', '6'),
(10466, 259, 10459, 'Md. Rakib Hossen', 'MD.DIN ISLAM', '7'),
(10467, 259, 10459, 'Md. Rakib Hossen', 'HASAN EMAM KHAN', '8'),
(10468, 259, 10459, 'Md. Rakib Hossen', 'A.B.M AKBAR HOSSAIN', '9'),
(10469, 259, 10459, 'Md. Rakib Hossen', 'MD.ROFIQUL ISLAM', '10'),
(10470, 259, 10459, 'Md. Rakib Hossen', 'SUNNY AHMED', '11'),
(10471, 259, 10459, 'Md. Rakib Hossen', ' MD.SHARIF HOSSAIN', '12'),
(10472, 259, 10459, 'Md. Rakib Hossen', 'M.HASAN UZ ZAMAN', '13'),
(10473, 259, 10459, 'Md. Rakib Hossen', 'MD.SAKIB', '14'),
(10474, 259, 10459, 'Md. Rakib Hossen', 'New BR', '15'),
(10475, 259, 10459, 'Md. Rakib Hossen', 'New BR', '16'),
(10476, 259, 10459, 'Md. Rakib Hossen', 'New BR', '17'),
(10477, 259, 10459, 'Md. Rakib Hossen', 'New BR', '18'),
(10478, 259, 10459, 'Md. Rakib Hossen', 'New BR', '19'),
(10479, 259, 10459, 'Md. Rakib Hossen', 'New BR', '20'),
(10480, 259, 10459, 'Md. Rakib Hossen', 'New BR', '21'),
(10481, 259, 10459, 'Md. Rakib Hossen', 'New BR', '22'),
(10482, 259, 10459, 'Md. Rakib Hossen', 'New BR', '23'),
(10483, 259, 10459, 'Md. Rakib Hossen', 'New BR', '24'),
(10484, 259, 10459, 'Md. Rakib Hossen', 'New BR', '25'),
(10485, 260, 0, 'Md. Salamot Ullah Sumon', 'Md. Salamot Ullah Sumon', ''),
(10486, 260, 10485, 'Md. Salamot Ullah Sumon', 'SUROJITH KUMAR KUNDO', '26'),
(10487, 260, 10485, 'Md. Salamot Ullah Sumon', 'MD.TANVIR AHMMAD ', '27'),
(10488, 260, 10485, 'Md. Salamot Ullah Sumon', 'MD.MOMOTAJUL ISLAM KHAN', '28'),
(10489, 260, 10485, 'Md. Salamot Ullah Sumon', 'MD.AMANULLAH', '29'),
(10490, 260, 10485, 'Md. Salamot Ullah Sumon', 'MD.IMRAN HOSSAIN', '30'),
(10491, 260, 10485, 'Md. Salamot Ullah Sumon', 'MD.ZAHANGIR RAHAMAN', '31'),
(10492, 260, 10485, 'Md. Salamot Ullah Sumon', 'MD.NAIMUL HOSSAIN', '32'),
(10493, 260, 10485, 'Md. Salamot Ullah Sumon', 'MD.AL-SEJAN', '33'),
(10494, 260, 10485, 'Md. Salamot Ullah Sumon', 'MD.OMAR FARUK', '34'),
(10495, 260, 10485, 'Md. Salamot Ullah Sumon', 'ABU SAYED', '35'),
(10496, 260, 10485, 'Md. Salamot Ullah Sumon', 'APU CHANDRA DAS', '36'),
(10497, 260, 10485, 'Md. Salamot Ullah Sumon', 'MD.MASUM', '37'),
(10498, 260, 10485, 'Md. Salamot Ullah Sumon', 'New BR', '38'),
(10499, 260, 10485, 'Md. Salamot Ullah Sumon', 'New BR', '39'),
(10500, 260, 10485, 'Md. Salamot Ullah Sumon', 'New BR', '40'),
(10501, 260, 10485, 'Md. Salamot Ullah Sumon', 'New BR', '41'),
(10502, 260, 10485, 'Md. Salamot Ullah Sumon', 'New BR', '42'),
(10503, 260, 10485, 'Md. Salamot Ullah Sumon', 'New BR', '43'),
(10504, 260, 10485, 'Md. Salamot Ullah Sumon', 'New BR', '44'),
(10505, 260, 10485, 'Md. Salamot Ullah Sumon', 'New BR', '45'),
(10506, 260, 10485, 'Md. Salamot Ullah Sumon', 'New BR', '46'),
(10507, 260, 10485, 'Md. Salamot Ullah Sumon', 'New BR', '47'),
(10508, 260, 10485, 'Md. Salamot Ullah Sumon', 'New BR', '48'),
(10509, 260, 10485, 'Md. Salamot Ullah Sumon', 'New BR', '49'),
(10510, 260, 10485, 'Md. Salamot Ullah Sumon', 'New BR', '50'),
(10511, 261, 0, 'Md. Al Amin Sardar', 'Md. Al Amin Sardar', ''),
(10512, 261, 10511, 'Md. Al Amin Sardar', 'Uzzal Kumar Das', '51'),
(10513, 261, 10511, 'Md. Al Amin Sardar', 'Md. Jamal Hossain', '52'),
(10514, 261, 10511, 'Md. Al Amin Sardar', 'Md. Sobuj Mia', '53'),
(10515, 261, 10511, 'Md. Al Amin Sardar', 'Md. Rajibul Islam', '54'),
(10516, 261, 10511, 'Md. Al Amin Sardar', 'Md. Ismail Hossain', '55'),
(10517, 261, 10511, 'Md. Al Amin Sardar', 'A K Rony Ahmed', '56'),
(10518, 261, 10511, 'Md. Al Amin Sardar', 'Md. Alamin', '57'),
(10519, 261, 10511, 'Md. Al Amin Sardar', 'Md. Aminul Islam Opu', '58'),
(10520, 261, 10511, 'Md. Al Amin Sardar', 'Sadikur Rahman', '59'),
(10521, 261, 10511, 'Md. Al Amin Sardar', 'Md. Habib', '60'),
(10522, 261, 10511, 'Md. Al Amin Sardar', 'Md. Habibur Rahman', '61'),
(10523, 261, 10511, 'Md. Al Amin Sardar', 'Md. Elias', '62'),
(10524, 261, 10511, 'Md. Al Amin Sardar', 'Prodip Kumar Paul', '63'),
(10525, 261, 10511, 'Md. Al Amin Sardar', 'Md. Alamin Hossain', '64'),
(10526, 261, 10511, 'Md. Al Amin Sardar', 'Rajesh Chandra Sarker', '65'),
(10527, 261, 10511, 'Md. Al Amin Sardar', 'Shohag', '66'),
(10528, 261, 10511, 'Md. Al Amin Sardar', 'New BR', '67'),
(10529, 261, 10511, 'Md. Al Amin Sardar', 'New BR', '68'),
(10530, 261, 10511, 'Md. Al Amin Sardar', 'New BR', '69'),
(10531, 261, 10511, 'Md. Al Amin Sardar', 'New BR', '70'),
(10532, 261, 10511, 'Md. Al Amin Sardar', 'New BR', '71'),
(10533, 261, 10511, 'Md. Al Amin Sardar', 'New BR', '72'),
(10534, 261, 10511, 'Md. Al Amin Sardar', 'New BR', '73'),
(10535, 261, 10511, 'Md. Al Amin Sardar', 'New BR', '74'),
(10536, 261, 10511, 'Md. Al Amin Sardar', 'New BR', '75'),
(10537, 262, 0, 'Md. Faisal Riad Romel', 'Md. Faisal Riad Romel', ''),
(10538, 262, 10537, 'Md. Faisal Riad Romel', 'Abdul Hamid', '76'),
(10539, 262, 10537, 'Md. Faisal Riad Romel', 'Asraful lslam Samim', '77'),
(10540, 262, 10537, 'Md. Faisal Riad Romel', 'Kamal Hossain', '78'),
(10541, 262, 10537, 'Md. Faisal Riad Romel', 'Sobuj Shikder', '79'),
(10542, 262, 10537, 'Md. Faisal Riad Romel', 'Uzzal Hossain', '80'),
(10543, 262, 10537, 'Md. Faisal Riad Romel', 'Rafikul Islam Dipu', '81'),
(10544, 262, 10537, 'Md. Faisal Riad Romel', 'Harun Ur Rashid', '82'),
(10545, 262, 10537, 'Md. Faisal Riad Romel', 'Forhad Hossain', '83'),
(10546, 262, 10537, 'Md. Faisal Riad Romel', 'New BR', '84'),
(10547, 262, 10537, 'Md. Faisal Riad Romel', 'New BR', '85'),
(10548, 262, 10537, 'Md. Faisal Riad Romel', 'New BR', '86'),
(10549, 262, 10537, 'Md. Faisal Riad Romel', 'New BR', '87'),
(10550, 262, 10537, 'Md. Faisal Riad Romel', 'New BR', '88'),
(10551, 262, 10537, 'Md. Faisal Riad Romel', 'New BR', '89'),
(10552, 262, 10537, 'Md. Faisal Riad Romel', 'New BR', '90'),
(10553, 262, 10537, 'Md. Faisal Riad Romel', 'New BR', '91'),
(10554, 262, 10537, 'Md. Faisal Riad Romel', 'New BR', '92'),
(10555, 262, 10537, 'Md. Faisal Riad Romel', 'New BR', '93'),
(10556, 262, 10537, 'Md. Faisal Riad Romel', 'New BR', '94'),
(10557, 262, 10537, 'Md. Faisal Riad Romel', 'New BR', '95'),
(10558, 262, 10537, 'Md. Faisal Riad Romel', 'New BR', '96'),
(10559, 262, 10537, 'Md. Faisal Riad Romel', 'New BR', '97'),
(10560, 262, 10537, 'Md. Faisal Riad Romel', 'New BR', '98'),
(10561, 262, 10537, 'Md. Faisal Riad Romel', 'New BR', '99'),
(10562, 262, 10537, 'Md. Faisal Riad Romel', 'New BR', '100'),
(10563, 262, 0, 'Md. Shamim Aktar', 'Md. Shamim Aktar', ''),
(10564, 262, 10563, 'Md. Shamim Aktar', 'Sakib Ahmed', '101'),
(10565, 262, 10563, 'Md. Shamim Aktar', 'Mohiuddin Sakil', '102'),
(10566, 262, 10563, 'Md. Shamim Aktar', 'Faisal Kabir', '103'),
(10567, 262, 10563, 'Md. Shamim Aktar', 'Juwel Mia', '104'),
(10568, 262, 10563, 'Md. Shamim Aktar', 'Anik Kumer', '105'),
(10569, 262, 10563, 'Md. Shamim Aktar', 'Kazi Ashik', '106'),
(10570, 262, 10563, 'Md. Shamim Aktar', 'Jahidul Islam', '107'),
(10571, 262, 10563, 'Md. Shamim Aktar', 'Md Imrul', '108'),
(10572, 262, 10563, 'Md. Shamim Aktar', 'Mahbub Alom', '109'),
(10573, 262, 10563, 'Md. Shamim Aktar', 'New BR', '110'),
(10574, 262, 10563, 'Md. Shamim Aktar', 'New BR', '111'),
(10575, 262, 10563, 'Md. Shamim Aktar', 'New BR', '112'),
(10576, 262, 10563, 'Md. Shamim Aktar', 'New BR', '113'),
(10577, 262, 10563, 'Md. Shamim Aktar', 'New BR', '114'),
(10578, 262, 10563, 'Md. Shamim Aktar', 'New BR', '115'),
(10579, 262, 10563, 'Md. Shamim Aktar', 'New BR', '116'),
(10580, 262, 10563, 'Md. Shamim Aktar', 'New BR', '117'),
(10581, 262, 10563, 'Md. Shamim Aktar', 'New BR', '118'),
(10582, 262, 10563, 'Md. Shamim Aktar', 'New BR', '119'),
(10583, 262, 10563, 'Md. Shamim Aktar', 'New BR', '120'),
(10584, 262, 10563, 'Md. Shamim Aktar', 'New BR', '121'),
(10585, 262, 10563, 'Md. Shamim Aktar', 'New BR', '122'),
(10586, 262, 10563, 'Md. Shamim Aktar', 'New BR', '123'),
(10587, 262, 10563, 'Md. Shamim Aktar', 'New BR', '124'),
(10588, 262, 10563, 'Md. Shamim Aktar', 'New BR', '125'),
(10589, 263, 0, 'Bahar Bappi', 'Bahar Bappi', ''),
(10590, 263, 10589, 'Bahar Bappi', 'Md. Rubel Miya', '126'),
(10591, 263, 10589, 'Bahar Bappi', 'Md. Hasan', '127'),
(10592, 263, 10589, 'Bahar Bappi', 'Arsel talukder', '128'),
(10593, 263, 10589, 'Bahar Bappi', 'Al-Imran', '129'),
(10594, 263, 10589, 'Bahar Bappi', 'Selim Reza', '130'),
(10595, 263, 10589, 'Bahar Bappi', 'Eklash Bishawsh', '131'),
(10596, 263, 10589, 'Bahar Bappi', 'Nahid Zaman', '132'),
(10597, 263, 10589, 'Bahar Bappi', 'Hasan- al-Mamun', '133'),
(10598, 263, 10589, 'Bahar Bappi', 'New BR', '134'),
(10599, 263, 10589, 'Bahar Bappi', 'New BR', '135'),
(10600, 263, 10589, 'Bahar Bappi', 'New BR', '136'),
(10601, 263, 10589, 'Bahar Bappi', 'New BR', '137'),
(10602, 263, 10589, 'Bahar Bappi', 'New BR', '138'),
(10603, 263, 10589, 'Bahar Bappi', 'New BR', '139'),
(10604, 263, 10589, 'Bahar Bappi', 'New BR', '140'),
(10605, 263, 10589, 'Bahar Bappi', 'New BR', '141'),
(10606, 263, 10589, 'Bahar Bappi', 'New BR', '142'),
(10607, 263, 10589, 'Bahar Bappi', 'New BR', '143'),
(10608, 263, 10589, 'Bahar Bappi', 'New BR', '144'),
(10609, 263, 10589, 'Bahar Bappi', 'New BR', '145'),
(10610, 263, 10589, 'Bahar Bappi', 'New BR', '146'),
(10611, 263, 10589, 'Bahar Bappi', 'New BR', '147'),
(10612, 263, 10589, 'Bahar Bappi', 'New BR', '148'),
(10613, 263, 10589, 'Bahar Bappi', 'New BR', '149'),
(10614, 263, 10589, 'Bahar Bappi', 'New BR', '150'),
(10615, 263, 0, 'Pavel Kumar dey', 'Pavel Kumar dey', ''),
(10616, 263, 10615, 'Pavel Kumar dey', 'Hafiz Ahmed Jony', '151'),
(10617, 263, 10615, 'Pavel Kumar dey', 'Sumon Akter', '152'),
(10618, 263, 10615, 'Pavel Kumar dey', 'Mostafijur Rahman', '153'),
(10619, 263, 10615, 'Pavel Kumar dey', 'Md. Tanvir Rana Sohel', '154'),
(10620, 263, 10615, 'Pavel Kumar dey', 'Tanjim mohammad Siddiki', '155'),
(10621, 263, 10615, 'Pavel Kumar dey', 'Md. Eftekhar alam', '156'),
(10622, 263, 10615, 'Pavel Kumar dey', 'Md. Ariful Haq', '157'),
(10623, 263, 10615, 'Pavel Kumar dey', 'Masud Rana', '158'),
(10624, 263, 10615, 'Pavel Kumar dey', 'Md. Shihabul islam', '159'),
(10625, 263, 10615, 'Pavel Kumar dey', 'Prosen Kumar Baroy', '160'),
(10626, 263, 10615, 'Pavel Kumar dey', 'Shohidul Islam', '161'),
(10627, 263, 10615, 'Pavel Kumar dey', 'New BR', '162'),
(10628, 263, 10615, 'Pavel Kumar dey', 'New BR', '163'),
(10629, 263, 10615, 'Pavel Kumar dey', 'New BR', '164'),
(10630, 263, 10615, 'Pavel Kumar dey', 'New BR', '165'),
(10631, 263, 10615, 'Pavel Kumar dey', 'New BR', '166'),
(10632, 263, 10615, 'Pavel Kumar dey', 'New BR', '167'),
(10633, 263, 10615, 'Pavel Kumar dey', 'New BR', '168'),
(10634, 263, 10615, 'Pavel Kumar dey', 'New BR', '169'),
(10635, 263, 10615, 'Pavel Kumar dey', 'New BR', '170'),
(10636, 263, 10615, 'Pavel Kumar dey', 'New BR', '171'),
(10637, 263, 10615, 'Pavel Kumar dey', 'New BR', '172'),
(10638, 263, 10615, 'Pavel Kumar dey', 'New BR', '173'),
(10639, 263, 10615, 'Pavel Kumar dey', 'New BR', '174'),
(10640, 263, 10615, 'Pavel Kumar dey', 'New BR', '175'),
(10641, 264, 0, 'Md. Saifur Rahman', 'Md. Saifur Rahman', ''),
(10642, 264, 10641, 'Md. Saifur Rahman', 'SK. Mostofa Hasib', '176'),
(10643, 264, 10641, 'Md. Saifur Rahman', 'Md. Shofiqul Islam', '177'),
(10644, 264, 10641, 'Md. Saifur Rahman', 'Md. Mukter Hossen Fahad', '178'),
(10645, 264, 10641, 'Md. Saifur Rahman', 'Md. Al Amin', '179'),
(10646, 264, 10641, 'Md. Saifur Rahman', 'Md. Arif Billa', '180'),
(10647, 264, 10641, 'Md. Saifur Rahman', 'Md. Al Helal', '181'),
(10648, 264, 10641, 'Md. Saifur Rahman', 'Md. Syful Haq Shohag', '182'),
(10649, 264, 10641, 'Md. Saifur Rahman', 'Md. Rashedul Islam', '183'),
(10650, 264, 10641, 'Md. Saifur Rahman', 'Md. Masum Miah', '184'),
(10651, 264, 10641, 'Md. Saifur Rahman', 'Md. Foyaz Ahmed', '185'),
(10652, 264, 10641, 'Md. Saifur Rahman', 'New BR', '186'),
(10653, 264, 10641, 'Md. Saifur Rahman', 'New BR', '187'),
(10654, 264, 10641, 'Md. Saifur Rahman', 'New BR', '188'),
(10655, 264, 10641, 'Md. Saifur Rahman', 'New BR', '189'),
(10656, 264, 10641, 'Md. Saifur Rahman', 'New BR', '190'),
(10657, 264, 10641, 'Md. Saifur Rahman', 'New BR', '191'),
(10658, 264, 10641, 'Md. Saifur Rahman', 'New BR', '192'),
(10659, 264, 10641, 'Md. Saifur Rahman', 'New BR', '193'),
(10660, 264, 10641, 'Md. Saifur Rahman', 'New BR', '194'),
(10661, 264, 10641, 'Md. Saifur Rahman', 'New BR', '195'),
(10662, 264, 10641, 'Md. Saifur Rahman', 'New BR', '196'),
(10663, 264, 10641, 'Md. Saifur Rahman', 'New BR', '197'),
(10664, 264, 10641, 'Md. Saifur Rahman', 'New BR', '198'),
(10665, 264, 10641, 'Md. Saifur Rahman', 'New BR', '199'),
(10666, 264, 10641, 'Md. Saifur Rahman', 'New BR', '200'),
(10667, 264, 0, 'Shakil Ahmed', 'Shakil Ahmed', ''),
(10668, 264, 10667, 'Shakil Ahmed', 'Md. Noor Nabi Khan', '201'),
(10669, 264, 10667, 'Shakil Ahmed', 'Shaikh Zahid', '202'),
(10670, 264, 10667, 'Shakil Ahmed', 'Tanvir Alam', '203'),
(10671, 264, 10667, 'Shakil Ahmed', 'Md. Jewel Sarkar', '204'),
(10672, 264, 10667, 'Shakil Ahmed', 'Md. Shahed Khandaker', '205'),
(10673, 264, 10667, 'Shakil Ahmed', 'Md. Rahul Rony', '206'),
(10674, 264, 10667, 'Shakil Ahmed', 'Md. Ashraful Islam', '207'),
(10675, 264, 10667, 'Shakil Ahmed', 'Md. Nabin Hossen Nirjhon', '208'),
(10676, 264, 10667, 'Shakil Ahmed', 'K.M. Mohiuddin Sunny', '209'),
(10677, 264, 10667, 'Shakil Ahmed', 'Md. Saiful Islam', '210'),
(10678, 264, 10667, 'Shakil Ahmed', 'Ali Ibrahim', '211'),
(10679, 264, 10667, 'Shakil Ahmed', 'Sohel Vhoiya', '212'),
(10680, 264, 10667, 'Shakil Ahmed', 'Md. Shahadat Jaman', '213'),
(10681, 264, 10667, 'Shakil Ahmed', 'Shamol Chondro Das', '214'),
(10682, 264, 10667, 'Shakil Ahmed', 'Md. Arifin Rahman', '215'),
(10683, 264, 10667, 'Shakil Ahmed', 'Md. Hanif', '216'),
(10684, 264, 10667, 'Shakil Ahmed', 'Rothin Chondro Das', '217'),
(10685, 264, 10667, 'Shakil Ahmed', 'New BR', '218'),
(10686, 264, 10667, 'Shakil Ahmed', 'New BR', '219'),
(10687, 264, 10667, 'Shakil Ahmed', 'New BR', '220'),
(10688, 264, 10667, 'Shakil Ahmed', 'New BR', '221'),
(10689, 264, 10667, 'Shakil Ahmed', 'New BR', '222'),
(10690, 264, 10667, 'Shakil Ahmed', 'New BR', '223'),
(10691, 264, 10667, 'Shakil Ahmed', 'New BR', '224'),
(10692, 264, 10667, 'Shakil Ahmed', 'New BR', '225'),
(10693, 265, 0, 'Al Sayeed', 'Al Sayeed', ''),
(10694, 265, 10693, 'Al Sayeed', 'Md. Rajib Hossain', '226'),
(10695, 265, 10693, 'Al Sayeed', 'Shakil Ahmed', '227'),
(10696, 265, 10693, 'Al Sayeed', 'Tanvir Ahmed Ashek', '228'),
(10697, 265, 10693, 'Al Sayeed', 'Rehan Ali Rahul', '229'),
(10698, 265, 10693, 'Al Sayeed', 'Md. Rasel Sikdar', '230'),
(10699, 265, 10693, 'Al Sayeed', 'Md. Ekramul Islam', '231'),
(10700, 265, 10693, 'Al Sayeed', 'Md. Mahamudul Hasan', '232'),
(10701, 265, 10693, 'Al Sayeed', 'Md. Shirajul Islam', '233'),
(10702, 265, 10693, 'Al Sayeed', 'Md. Giyeasuddin', '234'),
(10703, 265, 10693, 'Al Sayeed', 'Md. Alamgir Hossain', '235'),
(10704, 265, 10693, 'Al Sayeed', 'Md. Jahidul Islam', '236'),
(10705, 265, 10693, 'Al Sayeed', 'Md. Shamim Islam', '237'),
(10706, 265, 10693, 'Al Sayeed', 'New BR', '238'),
(10707, 265, 10693, 'Al Sayeed', 'New BR', '239'),
(10708, 265, 10693, 'Al Sayeed', 'New BR', '240'),
(10709, 265, 10693, 'Al Sayeed', 'New BR', '241'),
(10710, 265, 10693, 'Al Sayeed', 'New BR', '242'),
(10711, 265, 10693, 'Al Sayeed', 'New BR', '243'),
(10712, 265, 10693, 'Al Sayeed', 'New BR', '244'),
(10713, 265, 10693, 'Al Sayeed', 'New BR', '245'),
(10714, 265, 10693, 'Al Sayeed', 'New BR', '246'),
(10715, 265, 10693, 'Al Sayeed', 'New BR', '247'),
(10716, 265, 10693, 'Al Sayeed', 'New BR', '248'),
(10717, 265, 10693, 'Al Sayeed', 'New BR', '249'),
(10718, 265, 10693, 'Al Sayeed', 'New BR', '250'),
(10719, 265, 0, 'Anowar Hossain', 'Anowar Hossain', ''),
(10720, 265, 10719, 'Anowar Hossain', 'Md. Nahidul Huda', '251'),
(10721, 265, 10719, 'Anowar Hossain', 'Md. Julfiker Hossain', '252'),
(10722, 265, 10719, 'Anowar Hossain', 'Md. Awlad Hossain', '253'),
(10723, 265, 10719, 'Anowar Hossain', 'Md. Selim Mahmud', '254'),
(10724, 265, 10719, 'Anowar Hossain', 'Azadur Rahman', '255'),
(10725, 265, 10719, 'Anowar Hossain', 'Md. Abdus Salam', '256'),
(10726, 265, 10719, 'Anowar Hossain', 'Md. Farid Hossaon', '257'),
(10727, 265, 10719, 'Anowar Hossain', 'Md. Salauddin Ahmed', '258'),
(10728, 265, 10719, 'Anowar Hossain', 'Md. Emon Sheikh', '259'),
(10729, 265, 10719, 'Anowar Hossain', 'Md. Anamul Haq', '260'),
(10730, 265, 10719, 'Anowar Hossain', 'Md. Mizanur Rahman', '261'),
(10731, 265, 10719, 'Anowar Hossain', 'Alomgir Kabir', '262'),
(10732, 265, 10719, 'Anowar Hossain', 'New BR', '263'),
(10733, 265, 10719, 'Anowar Hossain', 'New BR', '264'),
(10734, 265, 10719, 'Anowar Hossain', 'New BR', '265'),
(10735, 265, 10719, 'Anowar Hossain', 'New BR', '266'),
(10736, 265, 10719, 'Anowar Hossain', 'New BR', '267'),
(10737, 265, 10719, 'Anowar Hossain', 'New BR', '268'),
(10738, 265, 10719, 'Anowar Hossain', 'New BR', '269'),
(10739, 265, 10719, 'Anowar Hossain', 'New BR', '270'),
(10740, 265, 10719, 'Anowar Hossain', 'New BR', '271'),
(10741, 265, 10719, 'Anowar Hossain', 'New BR', '272'),
(10742, 265, 10719, 'Anowar Hossain', 'New BR', '273'),
(10743, 265, 10719, 'Anowar Hossain', 'New BR', '274'),
(10744, 265, 10719, 'Anowar Hossain', 'New BR', '275'),
(10745, 266, 0, 'Md.Nasim Sadat', 'Md.Nasim Sadat', ''),
(10746, 266, 10745, 'Md.Nasim Sadat', 'Al Mamun', '276'),
(10747, 266, 10745, 'Md.Nasim Sadat', 'Md Saleh Ahmed Sami', '277'),
(10748, 266, 10745, 'Md.Nasim Sadat', 'Md.Al Amin', '278'),
(10749, 266, 10745, 'Md.Nasim Sadat', 'Kazi Md Isa', '279'),
(10750, 266, 10745, 'Md.Nasim Sadat', 'Md Abdullah Al Mamun', '280'),
(10751, 266, 10745, 'Md.Nasim Sadat', 'Md Shahinur Rahman', '281'),
(10752, 266, 10745, 'Md.Nasim Sadat', 'Md.Arif Rana', '282'),
(10753, 266, 10745, 'Md.Nasim Sadat', 'Md Gias Uddin', '283'),
(10754, 266, 10745, 'Md.Nasim Sadat', 'Md Habib Al Mamun', '284'),
(10755, 266, 10745, 'Md.Nasim Sadat', 'New BR', '285'),
(10756, 266, 10745, 'Md.Nasim Sadat', 'New BR', '286'),
(10757, 266, 10745, 'Md.Nasim Sadat', 'New BR', '287'),
(10758, 266, 10745, 'Md.Nasim Sadat', 'New BR', '288'),
(10759, 266, 10745, 'Md.Nasim Sadat', 'New BR', '289'),
(10760, 266, 10745, 'Md.Nasim Sadat', 'New BR', '290'),
(10761, 266, 10745, 'Md.Nasim Sadat', 'New BR', '291'),
(10762, 266, 10745, 'Md.Nasim Sadat', 'New BR', '292'),
(10763, 266, 10745, 'Md.Nasim Sadat', 'New BR', '293'),
(10764, 266, 10745, 'Md.Nasim Sadat', 'New BR', '294'),
(10765, 266, 10745, 'Md.Nasim Sadat', 'New BR', '295'),
(10766, 266, 10745, 'Md.Nasim Sadat', 'New BR', '296'),
(10767, 266, 10745, 'Md.Nasim Sadat', 'New BR', '297'),
(10768, 266, 10745, 'Md.Nasim Sadat', 'New BR', '298'),
(10769, 266, 10745, 'Md.Nasim Sadat', 'New BR', '299'),
(10770, 266, 10745, 'Md.Nasim Sadat', 'New BR', '300'),
(10771, 266, 0, 'Md Tanvir', 'Md Tanvir', ''),
(10772, 266, 10771, 'Md Tanvir', 'Nabi Md Rubel', '301'),
(10773, 266, 10771, 'Md Tanvir', 'Abu Sufian', '302'),
(10774, 266, 10771, 'Md Tanvir', 'Md Sohel Rana', '303'),
(10775, 266, 10771, 'Md Tanvir', 'Md Mahmud Al Kibria', '304'),
(10776, 266, 10771, 'Md Tanvir', 'Md Humayon Kabir', '305'),
(10777, 266, 10771, 'Md Tanvir', 'Md Emam Hossain', '306'),
(10778, 266, 10771, 'Md Tanvir', 'Md Faisal Ahmed', '307'),
(10779, 266, 10771, 'Md Tanvir', 'Md Sazzad Hossain', '308'),
(10780, 266, 10771, 'Md Tanvir', 'Md Mamunur Rasid', '309'),
(10781, 266, 10771, 'Md Tanvir', 'Md Azimus Shan', '310'),
(10782, 266, 10771, 'Md Tanvir', 'Md Tarek Hossain', '311'),
(10783, 266, 10771, 'Md Tanvir', 'New BR', '312'),
(10784, 266, 10771, 'Md Tanvir', 'New BR', '313'),
(10785, 266, 10771, 'Md Tanvir', 'New BR', '314'),
(10786, 266, 10771, 'Md Tanvir', 'New BR', '315'),
(10787, 266, 10771, 'Md Tanvir', 'New BR', '316'),
(10788, 266, 10771, 'Md Tanvir', 'New BR', '317'),
(10789, 266, 10771, 'Md Tanvir', 'New BR', '318'),
(10790, 266, 10771, 'Md Tanvir', 'New BR', '319'),
(10791, 266, 10771, 'Md Tanvir', 'New BR', '320'),
(10792, 266, 10771, 'Md Tanvir', 'New BR', '321'),
(10793, 266, 10771, 'Md Tanvir', 'New BR', '322'),
(10794, 266, 10771, 'Md Tanvir', 'New BR', '323'),
(10795, 266, 10771, 'Md Tanvir', 'New BR', '324'),
(10796, 266, 10771, 'Md Tanvir', 'New BR', '325'),
(10797, 267, 0, 'Md.Rezaul Karim', 'Md.Rezaul Karim', ''),
(10798, 267, 10797, 'Md.Rezaul Karim', 'Sheikh.Md.Arman', '326'),
(10799, 267, 10797, 'Md.Rezaul Karim', 'Md. Mahabubur Alom', '327'),
(10800, 267, 10797, 'Md.Rezaul Karim', 'Md. Obaidul Haque', '328'),
(10801, 267, 10797, 'Md.Rezaul Karim', 'Md. Mezba-un-naby', '329'),
(10802, 267, 10797, 'Md.Rezaul Karim', 'Md.Anisur Rahman', '330'),
(10803, 267, 10797, 'Md.Rezaul Karim', 'Md.Habibur Rahman', '331'),
(10804, 267, 10797, 'Md.Rezaul Karim', 'Md.Norul Islam', '332'),
(10805, 267, 10797, 'Md.Rezaul Karim', 'Md. Samim mia', '333'),
(10806, 267, 10797, 'Md.Rezaul Karim', 'Md. Feroz Hossain', '334'),
(10807, 267, 10797, 'Md.Rezaul Karim', 'Viktor Das', '335'),
(10808, 267, 10797, 'Md.Rezaul Karim', 'Bijoy Banik', '336'),
(10809, 267, 10797, 'Md.Rezaul Karim', 'Md. Julhash', '337'),
(10810, 267, 10797, 'Md.Rezaul Karim', 'Md.Romiz Uddin', '338'),
(10811, 267, 10797, 'Md.Rezaul Karim', 'Md.Najmul Hossain', '339'),
(10812, 267, 10797, 'Md.Rezaul Karim', 'Md.Asraf Ali', '340'),
(10813, 267, 10797, 'Md.Rezaul Karim', 'Md.Saiful Islam', '341'),
(10814, 267, 10797, 'Md.Rezaul Karim', 'Md. Mostofazaman', '342'),
(10815, 267, 10797, 'Md.Rezaul Karim', 'Md. Salman Kobir', '343'),
(10816, 267, 10797, 'Md.Rezaul Karim', 'Md. Jahirul Islam', '344'),
(10817, 267, 10797, 'Md.Rezaul Karim', 'Md.Liton Hossan', '345'),
(10818, 267, 10797, 'Md.Rezaul Karim', 'New BR', '346'),
(10819, 267, 10797, 'Md.Rezaul Karim', 'New BR', '347'),
(10820, 267, 10797, 'Md.Rezaul Karim', 'New BR', '348'),
(10821, 267, 10797, 'Md.Rezaul Karim', 'New BR', '349'),
(10822, 267, 10797, 'Md.Rezaul Karim', 'New BR', '350'),
(10823, 267, 0, 'Md.Moniruzzaman', 'Md.Moniruzzaman', ''),
(10824, 267, 10823, 'Md.Moniruzzaman', 'Uzzal Das', '351'),
(10825, 267, 10823, 'Md.Moniruzzaman', 'Jibon Roy', '352'),
(10826, 267, 10823, 'Md.Moniruzzaman', 'Md. Robiul Islam', '353'),
(10827, 267, 10823, 'Md.Moniruzzaman', 'Md. Arjan Ali', '354'),
(10828, 267, 10823, 'Md.Moniruzzaman', 'Md. Saiful Islam', '355'),
(10829, 267, 10823, 'Md.Moniruzzaman', 'Ab.Salam', '356'),
(10830, 267, 10823, 'Md.Moniruzzaman', 'Manobendra Kumar', '357'),
(10831, 267, 10823, 'Md.Moniruzzaman', 'Md.Anwar Hossain', '358'),
(10832, 267, 10823, 'Md.Moniruzzaman', 'New BR', '359'),
(10833, 267, 10823, 'Md.Moniruzzaman', 'New BR', '360'),
(10834, 267, 10823, 'Md.Moniruzzaman', 'New BR', '361'),
(10835, 267, 10823, 'Md.Moniruzzaman', 'New BR', '362'),
(10836, 267, 10823, 'Md.Moniruzzaman', 'New BR', '363'),
(10837, 267, 10823, 'Md.Moniruzzaman', 'New BR', '364'),
(10838, 267, 10823, 'Md.Moniruzzaman', 'New BR', '365'),
(10839, 267, 10823, 'Md.Moniruzzaman', 'New BR', '366'),
(10840, 267, 10823, 'Md.Moniruzzaman', 'New BR', '367'),
(10841, 267, 10823, 'Md.Moniruzzaman', 'New BR', '368'),
(10842, 267, 10823, 'Md.Moniruzzaman', 'New BR', '369'),
(10843, 267, 10823, 'Md.Moniruzzaman', 'New BR', '370'),
(10844, 267, 10823, 'Md.Moniruzzaman', 'New BR', '371'),
(10845, 267, 10823, 'Md.Moniruzzaman', 'New BR', '372'),
(10846, 267, 10823, 'Md.Moniruzzaman', 'New BR', '373'),
(10847, 267, 10823, 'Md.Moniruzzaman', 'New BR', '374'),
(10848, 267, 10823, 'Md.Moniruzzaman', 'New BR', '375'),
(10849, 268, 0, 'Md.Kamruzzaman', 'Md.Kamruzzaman', ''),
(10850, 268, 10849, 'Md.Kamruzzaman', 'Md.Salauddin', '376'),
(10851, 268, 10849, 'Md.Kamruzzaman', 'Md.Sadak', '377'),
(10852, 268, 10849, 'Md.Kamruzzaman', 'Md.Saikat Monjur', '378'),
(10853, 268, 10849, 'Md.Kamruzzaman', 'Md.Arzed Ali', '379'),
(10854, 268, 10849, 'Md.Kamruzzaman', 'Shohanur Rahman', '380'),
(10855, 268, 10849, 'Md.Kamruzzaman', 'Md.Maruf Hossain', '381'),
(10856, 268, 10849, 'Md.Kamruzzaman', 'Kabir Hasan', '382'),
(10857, 268, 10849, 'Md.Kamruzzaman', 'Raju Dewan', '383'),
(10858, 268, 10849, 'Md.Kamruzzaman', 'Ariful Islam', '384'),
(10859, 268, 10849, 'Md.Kamruzzaman', 'Rokibul Islam', '385'),
(10860, 268, 10849, 'Md.Kamruzzaman', 'Shahin Parvez', '386'),
(10861, 268, 10849, 'Md.Kamruzzaman', 'New BR', '387'),
(10862, 268, 10849, 'Md.Kamruzzaman', 'New BR', '388'),
(10863, 268, 10849, 'Md.Kamruzzaman', 'New BR', '389'),
(10864, 268, 10849, 'Md.Kamruzzaman', 'New BR', '390'),
(10865, 268, 10849, 'Md.Kamruzzaman', 'New BR', '391'),
(10866, 268, 10849, 'Md.Kamruzzaman', 'New BR', '392'),
(10867, 268, 10849, 'Md.Kamruzzaman', 'New BR', '393'),
(10868, 268, 10849, 'Md.Kamruzzaman', 'New BR', '394'),
(10869, 268, 10849, 'Md.Kamruzzaman', 'New BR', '395'),
(10870, 268, 10849, 'Md.Kamruzzaman', 'New BR', '396'),
(10871, 268, 10849, 'Md.Kamruzzaman', 'New BR', '397'),
(10872, 268, 10849, 'Md.Kamruzzaman', 'New BR', '398'),
(10873, 268, 10849, 'Md.Kamruzzaman', 'New BR', '399'),
(10874, 268, 10849, 'Md.Kamruzzaman', 'New BR', '400'),
(10875, 268, 0, 'Aftab Hossain', 'Aftab Hossain', ''),
(10876, 268, 10875, 'Aftab Hossain', 'Md.Shamim Hossain', '401'),
(10877, 268, 10875, 'Aftab Hossain', 'Aomit Kumer Day', '402'),
(10878, 268, 10875, 'Aftab Hossain', 'Md.Ismail Hossain', '403'),
(10879, 268, 10875, 'Aftab Hossain', 'Md.Mamun Hossain', '404'),
(10880, 268, 10875, 'Aftab Hossain', 'Md.Biplob Hossain', '405'),
(10881, 268, 10875, 'Aftab Hossain', 'Md.Hasnat', '406'),
(10882, 268, 10875, 'Aftab Hossain', 'Sojib Poddar', '407'),
(10883, 268, 10875, 'Aftab Hossain', 'Md.Rajib Babu', '408'),
(10884, 268, 10875, 'Aftab Hossain', 'Md.Junayed', '409'),
(10885, 268, 10875, 'Aftab Hossain', 'Md.kader Hossain', '410'),
(10886, 268, 10875, 'Aftab Hossain', 'Md.Rokibul Islam', '411'),
(10887, 268, 10875, 'Aftab Hossain', 'Md.Masbaul hoque', '412'),
(10888, 268, 10875, 'Aftab Hossain', 'Md.Kawser Hossain', '413'),
(10889, 268, 10875, 'Aftab Hossain', 'New BR', '414'),
(10890, 268, 10875, 'Aftab Hossain', 'New BR', '415'),
(10891, 268, 10875, 'Aftab Hossain', 'New BR', '416'),
(10892, 268, 10875, 'Aftab Hossain', 'New BR', '417'),
(10893, 268, 10875, 'Aftab Hossain', 'New BR', '418'),
(10894, 268, 10875, 'Aftab Hossain', 'New BR', '419'),
(10895, 268, 10875, 'Aftab Hossain', 'New BR', '420'),
(10896, 268, 10875, 'Aftab Hossain', 'New BR', '421'),
(10897, 268, 10875, 'Aftab Hossain', 'New BR', '422'),
(10898, 268, 10875, 'Aftab Hossain', 'New BR', '423'),
(10899, 268, 10875, 'Aftab Hossain', 'New BR', '424'),
(10900, 268, 10875, 'Aftab Hossain', 'New BR', '425'),
(10901, 269, 0, 'Masud Rana', 'Masud Rana', ''),
(10902, 269, 10901, 'Masud Rana', 'Mehedi Hasan', '426'),
(10903, 269, 10901, 'Masud Rana', 'Rasedul Islam', '427'),
(10904, 269, 10901, 'Masud Rana', 'Faisal Pathan', '428'),
(10905, 269, 10901, 'Masud Rana', 'Ab: Rohim ', '429'),
(10906, 269, 10901, 'Masud Rana', 'S M. Hossain Ali', '430'),
(10907, 269, 10901, 'Masud Rana', 'Shohag Mia', '431'),
(10908, 269, 10901, 'Masud Rana', 'Mehedi Hasan-2', '432'),
(10909, 269, 10901, 'Masud Rana', 'Alom Hossain', '433'),
(10910, 269, 10901, 'Masud Rana', 'Raihan Uddin', '434'),
(10911, 269, 10901, 'Masud Rana', 'MD. Mrredul', '435'),
(10912, 269, 10901, 'Masud Rana', 'Monower Hossain', '436'),
(10913, 269, 10901, 'Masud Rana', 'Shahnewaj Shanu', '437'),
(10914, 269, 10901, 'Masud Rana', 'New BR', '438'),
(10915, 269, 10901, 'Masud Rana', 'New BR', '439'),
(10916, 269, 10901, 'Masud Rana', 'New BR', '440'),
(10917, 269, 10901, 'Masud Rana', 'New BR', '441'),
(10918, 269, 10901, 'Masud Rana', 'New BR', '442'),
(10919, 269, 10901, 'Masud Rana', 'New BR', '443'),
(10920, 269, 10901, 'Masud Rana', 'New BR', '444'),
(10921, 269, 10901, 'Masud Rana', 'New BR', '445'),
(10922, 269, 10901, 'Masud Rana', 'New BR', '446'),
(10923, 269, 10901, 'Masud Rana', 'New BR', '447'),
(10924, 269, 10901, 'Masud Rana', 'New BR', '448'),
(10925, 269, 10901, 'Masud Rana', 'New BR', '449'),
(10926, 269, 10901, 'Masud Rana', 'New BR', '450'),
(10927, 269, 0, 'Ibrhim Dorpon', 'Ibrhim Dorpon', ''),
(10928, 269, 10927, 'Ibrhim Dorpon', 'Anower Parvez', '451'),
(10929, 269, 10927, 'Ibrhim Dorpon', 'Ahmed Faruk', '452'),
(10930, 269, 10927, 'Ibrhim Dorpon', 'Md. Foysal Ahmed', '453'),
(10931, 269, 10927, 'Ibrhim Dorpon', 'Al-Mahmud', '454'),
(10932, 269, 10927, 'Ibrhim Dorpon', 'Mahmudul Hasan', '455'),
(10933, 269, 10927, 'Ibrhim Dorpon', 'Mosharof ', '456'),
(10934, 269, 10927, 'Ibrhim Dorpon', 'Shihad Uddin', '457'),
(10935, 269, 10927, 'Ibrhim Dorpon', 'New BR', '458'),
(10936, 269, 10927, 'Ibrhim Dorpon', 'New BR', '459'),
(10937, 269, 10927, 'Ibrhim Dorpon', 'New BR', '460'),
(10938, 269, 10927, 'Ibrhim Dorpon', 'New BR', '461'),
(10939, 269, 10927, 'Ibrhim Dorpon', 'New BR', '462'),
(10940, 269, 10927, 'Ibrhim Dorpon', 'New BR', '463'),
(10941, 269, 10927, 'Ibrhim Dorpon', 'New BR', '464'),
(10942, 269, 10927, 'Ibrhim Dorpon', 'New BR', '465'),
(10943, 269, 10927, 'Ibrhim Dorpon', 'New BR', '466'),
(10944, 269, 10927, 'Ibrhim Dorpon', 'New BR', '467'),
(10945, 269, 10927, 'Ibrhim Dorpon', 'New BR', '468'),
(10946, 269, 10927, 'Ibrhim Dorpon', 'New BR', '469'),
(10947, 269, 10927, 'Ibrhim Dorpon', 'New BR', '470'),
(10948, 269, 10927, 'Ibrhim Dorpon', 'New BR', '471'),
(10949, 269, 10927, 'Ibrhim Dorpon', 'New BR', '472'),
(10950, 269, 10927, 'Ibrhim Dorpon', 'New BR', '473'),
(10951, 269, 10927, 'Ibrhim Dorpon', 'New BR', '474'),
(10952, 269, 10927, 'Ibrhim Dorpon', 'New BR', '475'),
(10953, 270, 0, 'Rabiul Islam Babul ', 'Rabiul Islam Babul ', ''),
(10954, 270, 10953, 'Rabiul Islam Babul ', 'Habibur Rahman', '476'),
(10955, 270, 10953, 'Rabiul Islam Babul ', 'Atwer Rahman Ripon ', '477'),
(10956, 270, 10953, 'Rabiul Islam Babul ', 'Masud Parves ', '478'),
(10957, 270, 10953, 'Rabiul Islam Babul ', 'Jahidul Islam', '479'),
(10958, 270, 10953, 'Rabiul Islam Babul ', 'Khaled Shames ', '480'),
(10959, 270, 10953, 'Rabiul Islam Babul ', 'Ashiqur Rahman ', '481'),
(10960, 270, 10953, 'Rabiul Islam Babul ', 'Tasbir Uddin Chowdhuri', '482'),
(10961, 270, 10953, 'Rabiul Islam Babul ', 'Shahnewez Islam Shadheen ', '483'),
(10962, 270, 10953, 'Rabiul Islam Babul ', 'Soriful Alom ', '484'),
(10963, 270, 10953, 'Rabiul Islam Babul ', 'Shofiqul Islam', '485'),
(10964, 270, 10953, 'Rabiul Islam Babul ', 'Emran Al Mamun', '486'),
(10965, 270, 10953, 'Rabiul Islam Babul ', 'Rakibul Islam', '487'),
(10966, 270, 10953, 'Rabiul Islam Babul ', 'New BR', '488'),
(10967, 270, 10953, 'Rabiul Islam Babul ', 'New BR', '489'),
(10968, 270, 10953, 'Rabiul Islam Babul ', 'New BR', '490'),
(10969, 270, 10953, 'Rabiul Islam Babul ', 'New BR', '491'),
(10970, 270, 10953, 'Rabiul Islam Babul ', 'New BR', '492'),
(10971, 270, 10953, 'Rabiul Islam Babul ', 'New BR', '493'),
(10972, 270, 10953, 'Rabiul Islam Babul ', 'New BR', '494'),
(10973, 270, 10953, 'Rabiul Islam Babul ', 'New BR', '495'),
(10974, 270, 10953, 'Rabiul Islam Babul ', 'New BR', '496'),
(10975, 270, 10953, 'Rabiul Islam Babul ', 'New BR', '497'),
(10976, 270, 10953, 'Rabiul Islam Babul ', 'New BR', '498'),
(10977, 270, 10953, 'Rabiul Islam Babul ', 'New BR', '499'),
(10978, 270, 10953, 'Rabiul Islam Babul ', 'New BR', '500'),
(10979, 270, 0, 'Md. Delower Hossion', 'Md. Delower Hossion', ''),
(10980, 270, 10979, 'Md. Delower Hossion', 'Jolil Hossion', '501'),
(10981, 270, 10979, 'Md. Delower Hossion', 'Arif Rayhan', '502'),
(10982, 270, 10979, 'Md. Delower Hossion', 'Md. Suruzzaman Khan', '503'),
(10983, 270, 10979, 'Md. Delower Hossion', 'Md. Shamim', '504'),
(10984, 270, 10979, 'Md. Delower Hossion', 'Ali Hasan ', '505'),
(10985, 270, 10979, 'Md. Delower Hossion', 'Jewel Hossion ', '506'),
(10986, 270, 10979, 'Md. Delower Hossion', 'Ferdous Al Masum', '507'),
(10987, 270, 10979, 'Md. Delower Hossion', 'Abu Halim Lebu', '508'),
(10988, 270, 10979, 'Md. Delower Hossion', 'New BR', '509'),
(10989, 270, 10979, 'Md. Delower Hossion', 'New BR', '510'),
(10990, 270, 10979, 'Md. Delower Hossion', 'New BR', '511'),
(10991, 270, 10979, 'Md. Delower Hossion', 'New BR', '512'),
(10992, 270, 10979, 'Md. Delower Hossion', 'New BR', '513'),
(10993, 270, 10979, 'Md. Delower Hossion', 'New BR', '514'),
(10994, 270, 10979, 'Md. Delower Hossion', 'New BR', '515'),
(10995, 270, 10979, 'Md. Delower Hossion', 'New BR', '516'),
(10996, 270, 10979, 'Md. Delower Hossion', 'New BR', '517'),
(10997, 270, 10979, 'Md. Delower Hossion', 'New BR', '518'),
(10998, 270, 10979, 'Md. Delower Hossion', 'New BR', '519'),
(10999, 270, 10979, 'Md. Delower Hossion', 'New BR', '520'),
(11000, 270, 10979, 'Md. Delower Hossion', 'New BR', '521'),
(11001, 270, 10979, 'Md. Delower Hossion', 'New BR', '522'),
(11002, 270, 10979, 'Md. Delower Hossion', 'New BR', '523'),
(11003, 270, 10979, 'Md. Delower Hossion', 'New BR', '524'),
(11004, 270, 10979, 'Md. Delower Hossion', 'New BR', '525'),
(11005, 271, 0, 'Touhidul Alam Limon', 'Touhidul Alam Limon', ''),
(11006, 271, 11005, 'Touhidul Alam Limon', 'Md. Ashraful Haque', '526'),
(11007, 271, 0, 'Touhidul Alam Limon', 'Touhidul Alam Limon', ''),
(11008, 271, 11007, 'Touhidul Alam Limon', 'Shohidul Islam Juwel', '527'),
(11009, 271, 0, 'Touhidul Alam Limon', 'Touhidul Alam Limon', ''),
(11010, 271, 11009, 'Touhidul Alam Limon', 'Avijit Kumer Routh', '528'),
(11011, 271, 0, 'Touhidul Alam Limon', 'Touhidul Alam Limon', ''),
(11012, 271, 11011, 'Touhidul Alam Limon', 'Md.Oliullah', '529'),
(11013, 271, 0, 'Touhidul Alam Limon', 'Touhidul Alam Limon', ''),
(11014, 271, 11013, 'Touhidul Alam Limon', 'K.R Morshed', '530'),
(11015, 271, 0, 'Touhidul Alam Limon', 'Touhidul Alam Limon', ''),
(11016, 271, 11015, 'Touhidul Alam Limon', 'Mamun Mazhi', '531'),
(11017, 271, 0, 'Touhidul Alam Limon', 'Touhidul Alam Limon', ''),
(11018, 271, 11017, 'Touhidul Alam Limon', 'Muttakim Chy Babu', '532'),
(11019, 271, 0, 'Touhidul Alam Limon', 'Touhidul Alam Limon', ''),
(11020, 271, 11019, 'Touhidul Alam Limon', 'Tariqul islam Titu', '533'),
(11021, 271, 0, 'Touhidul Alam Limon', 'Touhidul Alam Limon', ''),
(11022, 271, 11021, 'Touhidul Alam Limon', 'Rajib Talukder', '534'),
(11023, 271, 0, 'Touhidul Alam Limon', 'Touhidul Alam Limon', ''),
(11024, 271, 11023, 'Touhidul Alam Limon', 'Mazharul Islam', '535'),
(11025, 271, 0, 'Touhidul Alam Limon', 'Touhidul Alam Limon', ''),
(11026, 271, 11025, 'Touhidul Alam Limon', 'Joynal Abedin Masum', '536'),
(11027, 271, 0, 'Touhidul Alam Limon', 'Touhidul Alam Limon', ''),
(11028, 271, 11027, 'Touhidul Alam Limon', 'Omar Farruqe', '537'),
(11029, 271, 11027, 'Touhidul Alam Limon', 'New BR', '538'),
(11030, 271, 11027, 'Touhidul Alam Limon', 'New BR', '539'),
(11031, 271, 11027, 'Touhidul Alam Limon', 'New BR', '540'),
(11032, 271, 11027, 'Touhidul Alam Limon', 'New BR', '541'),
(11033, 271, 11027, 'Touhidul Alam Limon', 'New BR', '542'),
(11034, 271, 11027, 'Touhidul Alam Limon', 'New BR', '543'),
(11035, 271, 11027, 'Touhidul Alam Limon', 'New BR', '544'),
(11036, 271, 11027, 'Touhidul Alam Limon', 'New BR', '545'),
(11037, 271, 11027, 'Touhidul Alam Limon', 'New BR', '546'),
(11038, 271, 11027, 'Touhidul Alam Limon', 'New BR', '547'),
(11039, 271, 11027, 'Touhidul Alam Limon', 'New BR', '548'),
(11040, 271, 11027, 'Touhidul Alam Limon', 'New BR', '549'),
(11041, 271, 11027, 'Touhidul Alam Limon', 'New BR', '550'),
(11042, 271, 0, 'Ashik Rana', 'Ashik Rana', ''),
(11043, 271, 11042, 'Ashik Rana', 'Mazharul Haque', '551'),
(11044, 271, 0, 'Ashik Rana', 'Ashik Rana', ''),
(11045, 271, 11044, 'Ashik Rana', 'Monirul Islam Arnab', '552'),
(11046, 271, 0, 'Ashik Rana', 'Ashik Rana', ''),
(11047, 271, 11046, 'Ashik Rana', 'Asfak Azim Khan', '553'),
(11048, 271, 0, 'Ashik Rana', 'Ashik Rana', ''),
(11049, 271, 11048, 'Ashik Rana', 'Khan Md. Robiul Bari', '554'),
(11050, 271, 0, 'Ashik Rana', 'Ashik Rana', ''),
(11051, 271, 11050, 'Ashik Rana', 'Humayan Kabir', '555'),
(11052, 271, 0, 'Ashik Rana', 'Ashik Rana', ''),
(11053, 271, 11052, 'Ashik Rana', 'Rayhan Sorder', '556'),
(11054, 271, 0, 'Ashik Rana', 'Ashik Rana', ''),
(11055, 271, 11054, 'Ashik Rana', 'S M Akash', '557'),
(11056, 271, 0, 'Ashik Rana', 'Ashik Rana', ''),
(11057, 271, 11056, 'Ashik Rana', 'Nurul Afsar', '558'),
(11058, 271, 0, 'Ashik Rana', 'Ashik Rana', ''),
(11059, 271, 11058, 'Ashik Rana', 'Nirob uddin Rasel', '559'),
(11060, 271, 0, 'Ashik Rana', 'Ashik Rana', ''),
(11061, 271, 11060, 'Ashik Rana', 'Rizvi Abedin', '560'),
(11062, 271, 0, 'Ashik Rana', 'Ashik Rana', ''),
(11063, 271, 11062, 'Ashik Rana', 'Shah Newaz', '561'),
(11064, 271, 0, 'Ashik Rana', 'Ashik Rana', ''),
(11065, 271, 11064, 'Ashik Rana', 'Bappy Sarker', '562'),
(11066, 271, 0, 'Ashik Rana', 'Ashik Rana', ''),
(11067, 271, 11066, 'Ashik Rana', 'Pankaj Karmakar', '563'),
(11068, 271, 0, 'Ashik Rana', 'Ashik Rana', ''),
(11069, 271, 11068, 'Ashik Rana', 'Aziz Sheikh', '564'),
(11070, 271, 11042, 'Ashik Rana', 'New BR', '565'),
(11071, 271, 11044, 'Ashik Rana', 'New BR', '566'),
(11072, 271, 11046, 'Ashik Rana', 'New BR', '567'),
(11073, 271, 11048, 'Ashik Rana', 'New BR', '568'),
(11074, 271, 11050, 'Ashik Rana', 'New BR', '569'),
(11075, 271, 11052, 'Ashik Rana', 'New BR', '570'),
(11076, 271, 11054, 'Ashik Rana', 'New BR', '571'),
(11077, 271, 11056, 'Ashik Rana', 'New BR', '572'),
(11078, 271, 11058, 'Ashik Rana', 'New BR', '573'),
(11079, 271, 11060, 'Ashik Rana', 'New BR', '574'),
(11080, 271, 11062, 'Ashik Rana', 'New BR', '575'),
(11081, 271, 0, 'Mazharul Islam Nixon', 'Mazharul Islam Nixon', ''),
(11082, 271, 11081, 'Mazharul Islam Nixon', 'Md Moslem Uddin', '576'),
(11083, 271, 0, 'Mazharul Islam Nixon', 'Mazharul Islam Nixon', ''),
(11084, 271, 11083, 'Mazharul Islam Nixon', 'Md. Nazim Uddin', '577'),
(11085, 271, 0, 'Mazharul Islam Nixon', 'Mazharul Islam Nixon', ''),
(11086, 271, 11085, 'Mazharul Islam Nixon', 'MD. Mahfuzur Rahman', '578'),
(11087, 271, 11085, 'Mazharul Islam Nixon', 'Belal Arzu', '579'),
(11088, 271, 0, 'Mazharul Islam Nixon', 'Mazharul Islam Nixon', ''),
(11089, 271, 11088, 'Mazharul Islam Nixon', 'Md Mosharraf Hossain', '580'),
(11090, 271, 0, 'Mazharul Islam Nixon', 'Mazharul Islam Nixon', ''),
(11091, 271, 11090, 'Mazharul Islam Nixon', 'Md.Junayet', '581'),
(11092, 271, 11090, 'Mazharul Islam Nixon', 'Md Nasiruddin', '582'),
(11093, 271, 0, 'Mazharul Islam Nixon', 'Mazharul Islam Nixon', ''),
(11094, 271, 11093, 'Mazharul Islam Nixon', 'MD.Taher Uddin', '583'),
(11095, 271, 0, 'Mazharul Islam Nixon', 'Mazharul Islam Nixon', ''),
(11096, 271, 11095, 'Mazharul Islam Nixon', 'Porash Chakma', '584'),
(11097, 271, 0, 'Mazharul Islam Nixon', 'Mazharul Islam Nixon', ''),
(11098, 271, 11097, 'Mazharul Islam Nixon', 'Kanchan Dey', '585'),
(11099, 271, 11097, 'Mazharul Islam Nixon', 'Sunil Asam', '586'),
(11100, 271, 0, 'Mazharul Islam Nixon', 'Mazharul Islam Nixon', ''),
(11101, 271, 11100, 'Mazharul Islam Nixon', 'Md.Saddam Hossain', '587'),
(11102, 271, 0, 'Mazharul Islam Nixon', 'Mazharul Islam Nixon', ''),
(11103, 271, 11102, 'Mazharul Islam Nixon', 'MD.Nahidujjaman', '588'),
(11104, 271, 0, 'Mazharul Islam Nixon', 'Mazharul Islam Nixon', ''),
(11105, 271, 11104, 'Mazharul Islam Nixon', 'Md  Abdul kader', '589'),
(11106, 271, 11104, 'Mazharul Islam Nixon', 'Moni Lal Tripura', '590'),
(11107, 271, 11081, 'Mazharul Islam Nixon', 'New BR', '591'),
(11108, 271, 11083, 'Mazharul Islam Nixon', 'New BR', '592'),
(11109, 271, 11085, 'Mazharul Islam Nixon', 'New BR', '593'),
(11110, 271, 11085, 'Mazharul Islam Nixon', 'New BR', '594'),
(11111, 271, 11088, 'Mazharul Islam Nixon', 'New BR', '595'),
(11112, 271, 11090, 'Mazharul Islam Nixon', 'New BR', '596'),
(11113, 271, 11090, 'Mazharul Islam Nixon', 'New BR', '597'),
(11114, 271, 11093, 'Mazharul Islam Nixon', 'New BR', '598'),
(11115, 271, 11095, 'Mazharul Islam Nixon', 'New BR', '599'),
(11116, 271, 11097, 'Mazharul Islam Nixon', 'New BR', '600'),
(11117, 272, 0, 'Ahasan habib', 'Ahasan habib', ''),
(11118, 272, 11117, 'Ahasan habib', 'Likhon Barua', '601'),
(11119, 272, 0, 'Ahasan habib', 'Ahasan habib', ''),
(11120, 272, 11119, 'Ahasan habib', 'Mohiuddin ', '602'),
(11121, 272, 0, 'Ahasan habib', 'Ahasan habib', ''),
(11122, 272, 11121, 'Ahasan habib', 'Md. Sohaguddin', '603'),
(11123, 272, 0, 'Ahasan habib', 'Ahasan habib', ''),
(11124, 272, 11123, 'Ahasan habib', 'Md. Ramjan Ali Raju', '604'),
(11125, 272, 0, 'Ahasan habib', 'Ahasan habib', ''),
(11126, 272, 11125, 'Ahasan habib', 'Saiful Islam', '605'),
(11127, 272, 0, 'Ahasan habib', 'Ahasan habib', ''),
(11128, 272, 11127, 'Ahasan habib', 'Md. Pervez', '606'),
(11129, 272, 0, 'Ahasan habib', 'Ahasan habib', ''),
(11130, 272, 11129, 'Ahasan habib', 'Md Nazimuddin', '607'),
(11131, 272, 0, 'Ahasan habib', 'Ahasan habib', ''),
(11132, 272, 11131, 'Ahasan habib', 'Evan Azim', '608'),
(11133, 272, 0, 'Ahasan habib', 'Ahasan habib', ''),
(11134, 272, 11133, 'Ahasan habib', 'Nur Md Bijoy ', '609'),
(11135, 272, 0, 'Ahasan habib', 'Ahasan habib', ''),
(11136, 272, 11135, 'Ahasan habib', 'Md Rokibul Islam', '610'),
(11137, 272, 11117, 'Ahasan habib', 'New BR', '611'),
(11138, 272, 11119, 'Ahasan habib', 'New BR', '612'),
(11139, 272, 11121, 'Ahasan habib', 'New BR', '613'),
(11140, 272, 11123, 'Ahasan habib', 'New BR', '614'),
(11141, 272, 11125, 'Ahasan habib', 'New BR', '615'),
(11142, 272, 11127, 'Ahasan habib', 'New BR', '616'),
(11143, 272, 11129, 'Ahasan habib', 'New BR', '617'),
(11144, 272, 11131, 'Ahasan habib', 'New BR', '618'),
(11145, 272, 11133, 'Ahasan habib', 'New BR', '619'),
(11146, 272, 11135, 'Ahasan habib', 'New BR', '620'),
(11147, 272, 11117, 'Ahasan habib', 'New BR', '621'),
(11148, 272, 11119, 'Ahasan habib', 'New BR', '622'),
(11149, 272, 11121, 'Ahasan habib', 'New BR', '623'),
(11150, 272, 11123, 'Ahasan habib', 'New BR', '624'),
(11151, 272, 11125, 'Ahasan habib', 'New BR', '625'),
(11152, 273, 0, 'Mahafuzur Rahman', 'Mahafuzur Rahman', ''),
(11153, 273, 11152, 'Mahafuzur Rahman', 'Ohidul Alam Simon', '626'),
(11154, 273, 11152, 'Mahafuzur Rahman', 'Promis Borua', '627'),
(11155, 273, 11152, 'Mahafuzur Rahman', 'Ohidur Rahman Roni', '628'),
(11156, 273, 11152, 'Mahafuzur Rahman', 'Md. Rased', '629'),
(11157, 273, 11152, 'Mahafuzur Rahman', 'Md. Iqbal', '630'),
(11158, 273, 11152, 'Mahafuzur Rahman', 'Md. Nafi', '631'),
(11159, 273, 11152, 'Mahafuzur Rahman', 'Zahidul Bari Noyan', '632'),
(11160, 273, 11152, 'Mahafuzur Rahman', 'Md. Sohel', '633'),
(11161, 273, 11152, 'Mahafuzur Rahman', 'Mithun Barua', '634'),
(11162, 273, 11152, 'Mahafuzur Rahman', 'Rakibul Islam', '635'),
(11163, 273, 11152, 'Mahafuzur Rahman', 'Fahadul Islam', '636'),
(11164, 273, 11152, 'Mahafuzur Rahman', 'Md. Jisan', '637'),
(11165, 273, 11152, 'Mahafuzur Rahman', 'Ariful Islam', '638'),
(11166, 273, 11152, 'Mahafuzur Rahman', 'Abhijit Rudra', '639'),
(11167, 273, 11152, 'Mahafuzur Rahman', 'Sahadat Hossen Tanvi', '640'),
(11168, 273, 11152, 'Mahafuzur Rahman', 'New BR', '641'),
(11169, 273, 11152, 'Mahafuzur Rahman', 'New BR', '642'),
(11170, 273, 11152, 'Mahafuzur Rahman', 'New BR', '643'),
(11171, 273, 11152, 'Mahafuzur Rahman', 'New BR', '644'),
(11172, 273, 11152, 'Mahafuzur Rahman', 'New BR', '645'),
(11173, 273, 11152, 'Mahafuzur Rahman', 'New BR', '646'),
(11174, 273, 11152, 'Mahafuzur Rahman', 'New BR', '647'),
(11175, 273, 11152, 'Mahafuzur Rahman', 'New BR', '648'),
(11176, 273, 11152, 'Mahafuzur Rahman', 'New BR', '649'),
(11177, 273, 11152, 'Mahafuzur Rahman', 'New BR', '650'),
(11178, 273, 0, 'Saiful Islam', 'Saiful Islam', ''),
(11179, 273, 11178, 'Saiful Islam', 'Habibur Rahman Faruki', '651'),
(11180, 273, 11178, 'Saiful Islam', 'Raihan Uddin', '652'),
(11181, 273, 11178, 'Saiful Islam', 'Md. Sumon', '653'),
(11182, 273, 11178, 'Saiful Islam', 'Md. Bappi', '654'),
(11183, 273, 11178, 'Saiful Islam', 'Md. Amran', '655'),
(11184, 273, 11178, 'Saiful Islam', 'Tanvir Hossen', '656'),
(11185, 273, 11178, 'Saiful Islam', 'Md. Arafat', '657'),
(11186, 273, 11178, 'Saiful Islam', 'Sohidul Islam', '658'),
(11187, 273, 11178, 'Saiful Islam', 'Abdul Aziz', '659'),
(11188, 273, 11178, 'Saiful Islam', 'Abu Sahed', '660'),
(11189, 273, 11178, 'Saiful Islam', 'Md. Rahman', '661'),
(11190, 273, 11178, 'Saiful Islam', 'Md. Ismail', '662'),
(11191, 273, 11178, 'Saiful Islam', 'New BR', '663'),
(11192, 273, 11178, 'Saiful Islam', 'New BR', '664'),
(11193, 273, 11178, 'Saiful Islam', 'New BR', '665'),
(11194, 273, 11178, 'Saiful Islam', 'New BR', '666'),
(11195, 273, 11178, 'Saiful Islam', 'New BR', '667'),
(11196, 273, 11178, 'Saiful Islam', 'New BR', '668'),
(11197, 273, 11178, 'Saiful Islam', 'New BR', '669'),
(11198, 273, 11178, 'Saiful Islam', 'New BR', '670'),
(11199, 273, 11178, 'Saiful Islam', 'New BR', '671'),
(11200, 273, 11178, 'Saiful Islam', 'New BR', '672'),
(11201, 273, 11178, 'Saiful Islam', 'New BR', '673'),
(11202, 273, 11178, 'Saiful Islam', 'New BR', '674'),
(11203, 273, 11178, 'Saiful Islam', 'New BR', '675'),
(11204, 274, 0, 'Salim Uddin', 'Salim Uddin', ''),
(11205, 274, 11204, 'Salim Uddin', 'Sawrav Paul', '676'),
(11206, 274, 11204, 'Salim Uddin', 'Nurul  Anim 1', '677'),
(11207, 274, 11204, 'Salim Uddin', 'Moinuddin', '678'),
(11208, 274, 11204, 'Salim Uddin', 'Ismail Mohammod Parvez', '679'),
(11209, 274, 11204, 'Salim Uddin', 'Md. Naser Udden Tipu', '680'),
(11210, 274, 11204, 'Salim Uddin', 'Hasanul Kaber Rajib', '681'),
(11211, 274, 11204, 'Salim Uddin', 'Nurul  Anim 2', '682'),
(11212, 274, 11204, 'Salim Uddin', 'Abdul Gofur', '683'),
(11213, 274, 11204, 'Salim Uddin', 'Haradon Rai', '684'),
(11214, 274, 11204, 'Salim Uddin', 'Golam Mustofa ', '685'),
(11215, 274, 11204, 'Salim Uddin', 'Abdullah Al Noman', '686'),
(11216, 274, 11204, 'Salim Uddin', 'Sazzad hossen Nayem', '687'),
(11217, 274, 11204, 'Salim Uddin', 'Rasedul Islam', '688'),
(11218, 274, 11204, 'Salim Uddin', 'New BR', '689'),
(11219, 274, 11204, 'Salim Uddin', 'New BR', '690'),
(11220, 274, 11204, 'Salim Uddin', 'New BR', '691'),
(11221, 274, 11204, 'Salim Uddin', 'New BR', '692'),
(11222, 274, 11204, 'Salim Uddin', 'New BR', '693'),
(11223, 274, 11204, 'Salim Uddin', 'New BR', '694'),
(11224, 274, 11204, 'Salim Uddin', 'New BR', '695'),
(11225, 274, 11204, 'Salim Uddin', 'New BR', '696'),
(11226, 274, 11204, 'Salim Uddin', 'New BR', '697'),
(11227, 274, 11204, 'Salim Uddin', 'New BR', '698'),
(11228, 274, 11204, 'Salim Uddin', 'New BR', '699'),
(11229, 274, 11204, 'Salim Uddin', 'New BR', '700'),
(11230, 275, 0, 'Md. Ataur Rahman', 'Md. Ataur Rahman', ''),
(11231, 275, 11230, 'Md. Ataur Rahman', 'Md. Mahfuzur Rahman', '701'),
(11232, 275, 11230, 'Md. Ataur Rahman', 'Md.Abdullah Tusher', '702'),
(11233, 275, 11230, 'Md. Ataur Rahman', 'Md.Asif Billah', '703'),
(11234, 275, 11230, 'Md. Ataur Rahman', 'Md. Ruhul Amin Pappu ', '704'),
(11235, 275, 11230, 'Md. Ataur Rahman', 'Md. Sani', '705'),
(11236, 275, 11230, 'Md. Ataur Rahman', 'Md. Rubel', '706'),
(11237, 275, 11230, 'Md. Ataur Rahman', 'Md.Imran Hossain', '707'),
(11238, 275, 11230, 'Md. Ataur Rahman', 'Md. Nazrul Islam Milon', '708'),
(11239, 275, 11230, 'Md. Ataur Rahman', 'Md. Shaiful Islam', '709'),
(11240, 275, 11230, 'Md. Ataur Rahman', 'Md. Nazmul islam', '710'),
(11241, 275, 11230, 'Md. Ataur Rahman', 'Rony Shaha', '711'),
(11242, 275, 11230, 'Md. Ataur Rahman', 'Md. Ruhul Amin  ', '712'),
(11243, 275, 11230, 'Md. Ataur Rahman', 'Md. Ebrahim', '713'),
(11244, 275, 11230, 'Md. Ataur Rahman', 'Md. Abdur Razzak', '714'),
(11245, 275, 11230, 'Md. Ataur Rahman', 'Sumon Dash', '715'),
(11246, 275, 11230, 'Md. Ataur Rahman', 'New BR', '716'),
(11247, 275, 11230, 'Md. Ataur Rahman', 'New BR', '717'),
(11248, 275, 11230, 'Md. Ataur Rahman', 'New BR', '718'),
(11249, 275, 11230, 'Md. Ataur Rahman', 'New BR', '719'),
(11250, 275, 11230, 'Md. Ataur Rahman', 'New BR', '720'),
(11251, 275, 11230, 'Md. Ataur Rahman', 'New BR', '721'),
(11252, 275, 11230, 'Md. Ataur Rahman', 'New BR', '722'),
(11253, 275, 11230, 'Md. Ataur Rahman', 'New BR', '723'),
(11254, 275, 11230, 'Md. Ataur Rahman', 'New BR', '724'),
(11255, 275, 11230, 'Md. Ataur Rahman', 'New BR', '725'),
(11256, 275, 0, 'Md. Tanvir Ul Haq', 'Md. Tanvir Ul Haq', ''),
(11257, 275, 11256, 'Md. Tanvir Ul Haq', 'Md. Minhaz', '726'),
(11258, 275, 11256, 'Md. Tanvir Ul Haq', 'Md. Shohag', '727'),
(11259, 275, 11256, 'Md. Tanvir Ul Haq', 'Md. Mohin', '728'),
(11260, 275, 11256, 'Md. Tanvir Ul Haq', 'Md, Jahir', '729'),
(11261, 275, 11256, 'Md. Tanvir Ul Haq', 'Md. Jony', '730'),
(11262, 275, 11256, 'Md. Tanvir Ul Haq', 'Md. Shohel', '731'),
(11263, 275, 11256, 'Md. Tanvir Ul Haq', 'Md Shfiqul Islam', '732'),
(11264, 275, 11256, 'Md. Tanvir Ul Haq', 'Rupon Bhardan', '733'),
(11265, 275, 11256, 'Md. Tanvir Ul Haq', 'New BR', '734'),
(11266, 275, 11256, 'Md. Tanvir Ul Haq', 'New BR', '735'),
(11267, 275, 11256, 'Md. Tanvir Ul Haq', 'New BR', '736'),
(11268, 275, 11256, 'Md. Tanvir Ul Haq', 'New BR', '737'),
(11269, 275, 11256, 'Md. Tanvir Ul Haq', 'New BR', '738'),
(11270, 275, 11256, 'Md. Tanvir Ul Haq', 'New BR', '739'),
(11271, 275, 11256, 'Md. Tanvir Ul Haq', 'New BR', '740'),
(11272, 275, 11256, 'Md. Tanvir Ul Haq', 'New BR', '741'),
(11273, 275, 11256, 'Md. Tanvir Ul Haq', 'New BR', '742'),
(11274, 275, 11256, 'Md. Tanvir Ul Haq', 'New BR', '743'),
(11275, 275, 11256, 'Md. Tanvir Ul Haq', 'New BR', '744'),
(11276, 275, 11256, 'Md. Tanvir Ul Haq', 'New BR', '745'),
(11277, 275, 11256, 'Md. Tanvir Ul Haq', 'New BR', '746'),
(11278, 275, 11256, 'Md. Tanvir Ul Haq', 'New BR', '747'),
(11279, 275, 11256, 'Md. Tanvir Ul Haq', 'New BR', '748'),
(11280, 275, 11256, 'Md. Tanvir Ul Haq', 'New BR', '749'),
(11281, 275, 11256, 'Md. Tanvir Ul Haq', 'New BR', '750'),
(11282, 276, 0, 'Md. Mamunur Rashid (masum)', 'Md. Mamunur Rashid (masum)', ''),
(11283, 276, 11282, 'Md. Mamunur Rashid (masum)', 'Abul Kalam', '751'),
(11284, 276, 11282, 'Md. Mamunur Rashid (masum)', 'Tarak saha', '752'),
(11285, 276, 11282, 'Md. Mamunur Rashid (masum)', 'Atiqur Rahman (shiyam)', '753'),
(11286, 276, 11282, 'Md. Mamunur Rashid (masum)', 'Habibur Rahman', '754'),
(11287, 276, 11282, 'Md. Mamunur Rashid (masum)', 'Md. Mosharof', '755'),
(11288, 276, 11282, 'Md. Mamunur Rashid (masum)', 'Md. Yunus', '756'),
(11289, 276, 11282, 'Md. Mamunur Rashid (masum)', 'Md. Muktar', '757'),
(11290, 276, 11282, 'Md. Mamunur Rashid (masum)', 'Abul Hasan', '758'),
(11291, 276, 11282, 'Md. Mamunur Rashid (masum)', 'Md. Basedul Haq', '759'),
(11292, 276, 11282, 'Md. Mamunur Rashid (masum)', 'Md. Rubel', '760'),
(11293, 276, 11282, 'Md. Mamunur Rashid (masum)', 'New BR', '761'),
(11294, 276, 11282, 'Md. Mamunur Rashid (masum)', 'New BR', '762'),
(11295, 276, 11282, 'Md. Mamunur Rashid (masum)', 'New BR', '763'),
(11296, 276, 11282, 'Md. Mamunur Rashid (masum)', 'New BR', '764'),
(11297, 276, 11282, 'Md. Mamunur Rashid (masum)', 'New BR', '765'),
(11298, 276, 11282, 'Md. Mamunur Rashid (masum)', 'New BR', '766'),
(11299, 276, 11282, 'Md. Mamunur Rashid (masum)', 'New BR', '767'),
(11300, 276, 11282, 'Md. Mamunur Rashid (masum)', 'New BR', '768'),
(11301, 276, 11282, 'Md. Mamunur Rashid (masum)', 'New BR', '769'),
(11302, 276, 11282, 'Md. Mamunur Rashid (masum)', 'New BR', '770'),
(11303, 276, 11282, 'Md. Mamunur Rashid (masum)', 'New BR', '771'),
(11304, 276, 11282, 'Md. Mamunur Rashid (masum)', 'New BR', '772'),
(11305, 276, 11282, 'Md. Mamunur Rashid (masum)', 'New BR', '773'),
(11306, 276, 11282, 'Md. Mamunur Rashid (masum)', 'New BR', '774');
INSERT INTO `representatives` (`id`, `house_id`, `superviser_id`, `superviser_name`, `name`, `br_code`) VALUES
(11307, 276, 11282, 'Md. Mamunur Rashid (masum)', 'New BR', '775'),
(11308, 277, 0, 'Gm Jewel', 'Gm Jewel', ''),
(11309, 277, 11308, 'Gm Jewel', 'Md Nurul islam Nuru', '776'),
(11310, 277, 11308, 'Gm Jewel', 'Rasel Gazi', '777'),
(11311, 277, 11308, 'Gm Jewel', 'Feroz Talukder', '778'),
(11312, 277, 11308, 'Gm Jewel', 'Md Mahfuz', '779'),
(11313, 277, 11308, 'Gm Jewel', 'Md Jamal Hossain', '780'),
(11314, 277, 11308, 'Gm Jewel', 'Md Ibrahim', '781'),
(11315, 277, 11308, 'Gm Jewel', 'Md Sakyat Hossain', '782'),
(11316, 277, 11308, 'Gm Jewel', 'Md Emran Hosen', '783'),
(11317, 277, 11308, 'Gm Jewel', 'Abdur Rahman', '784'),
(11318, 277, 11308, 'Gm Jewel', 'New BR', '785'),
(11319, 277, 11308, 'Gm Jewel', 'New BR', '786'),
(11320, 277, 11308, 'Gm Jewel', 'New BR', '787'),
(11321, 277, 11308, 'Gm Jewel', 'New BR', '788'),
(11322, 277, 11308, 'Gm Jewel', 'New BR', '789'),
(11323, 277, 11308, 'Gm Jewel', 'New BR', '790'),
(11324, 277, 11308, 'Gm Jewel', 'New BR', '791'),
(11325, 277, 11308, 'Gm Jewel', 'New BR', '792'),
(11326, 277, 11308, 'Gm Jewel', 'New BR', '793'),
(11327, 277, 11308, 'Gm Jewel', 'New BR', '794'),
(11328, 277, 11308, 'Gm Jewel', 'New BR', '795'),
(11329, 277, 11308, 'Gm Jewel', 'New BR', '796'),
(11330, 277, 11308, 'Gm Jewel', 'New BR', '797'),
(11331, 277, 11308, 'Gm Jewel', 'New BR', '798'),
(11332, 277, 11308, 'Gm Jewel', 'New BR', '799'),
(11333, 277, 11308, 'Gm Jewel', 'New BR', '800'),
(11334, 278, 0, 'Mahabub Sobhan Jewel', 'Mahabub Sobhan Jewel', ''),
(11335, 278, 11334, 'Mahabub Sobhan Jewel', 'Hamayet Ullaha Sabbir', '801'),
(11336, 278, 11334, 'Mahabub Sobhan Jewel', 'MD.Kazi sorif', '802'),
(11337, 278, 11334, 'Mahabub Sobhan Jewel', 'MD.Mizanur Rohaman', '803'),
(11338, 278, 11334, 'Mahabub Sobhan Jewel', 'MD.Sahadul Alam', '804'),
(11339, 278, 11334, 'Mahabub Sobhan Jewel', 'MD.Harunur rosid', '805'),
(11340, 278, 11334, 'Mahabub Sobhan Jewel', 'Soriful Haque Anik', '806'),
(11341, 278, 11334, 'Mahabub Sobhan Jewel', 'Suman Paul', '807'),
(11342, 278, 11334, 'Mahabub Sobhan Jewel', 'Sojib Malakar', '808'),
(11343, 278, 11334, 'Mahabub Sobhan Jewel', 'Tanvir Hossain', '809'),
(11344, 278, 11334, 'Mahabub Sobhan Jewel', 'Soriful islam', '810'),
(11345, 278, 11334, 'Mahabub Sobhan Jewel', 'Arifur Rohaman', '811'),
(11346, 278, 11334, 'Mahabub Sobhan Jewel', 'Golam Mohin', '812'),
(11347, 278, 11334, 'Mahabub Sobhan Jewel', 'MD.Nur uddin', '813'),
(11348, 278, 11334, 'Mahabub Sobhan Jewel', 'Safayet Alam', '814'),
(11349, 278, 11334, 'Mahabub Sobhan Jewel', 'Sorowar Jahan Bahadur', '815'),
(11350, 278, 11334, 'Mahabub Sobhan Jewel', 'New BR', '816'),
(11351, 278, 11334, 'Mahabub Sobhan Jewel', 'New BR', '817'),
(11352, 278, 11334, 'Mahabub Sobhan Jewel', 'New BR', '818'),
(11353, 278, 11334, 'Mahabub Sobhan Jewel', 'New BR', '819'),
(11354, 278, 11334, 'Mahabub Sobhan Jewel', 'New BR', '820'),
(11355, 278, 11334, 'Mahabub Sobhan Jewel', 'New BR', '821'),
(11356, 278, 11334, 'Mahabub Sobhan Jewel', 'New BR', '822'),
(11357, 278, 11334, 'Mahabub Sobhan Jewel', 'New BR', '823'),
(11358, 278, 11334, 'Mahabub Sobhan Jewel', 'New BR', '824'),
(11359, 278, 11334, 'Mahabub Sobhan Jewel', 'New BR', '825'),
(11360, 278, 0, 'Gobindo Vhowmik', 'Gobindo Vhowmik', ''),
(11361, 278, 11360, 'Gobindo Vhowmik', 'MD.Mohiuddin', '826'),
(11362, 278, 11360, 'Gobindo Vhowmik', 'MD.Abdul Malek', '827'),
(11363, 278, 11360, 'Gobindo Vhowmik', 'Rasedul islam', '828'),
(11364, 278, 11360, 'Gobindo Vhowmik', 'Yasin Maksud', '829'),
(11365, 278, 11360, 'Gobindo Vhowmik', 'MD.Azam Khan', '830'),
(11366, 278, 11360, 'Gobindo Vhowmik', 'Afsar', '831'),
(11367, 278, 11360, 'Gobindo Vhowmik', 'Abdul Momin', '832'),
(11368, 278, 11360, 'Gobindo Vhowmik', 'Omar faraque', '833'),
(11369, 278, 11360, 'Gobindo Vhowmik', 'Abdul al Mamun', '834'),
(11370, 278, 11360, 'Gobindo Vhowmik', 'New BR', '835'),
(11371, 278, 11360, 'Gobindo Vhowmik', 'New BR', '836'),
(11372, 278, 11360, 'Gobindo Vhowmik', 'New BR', '837'),
(11373, 278, 11360, 'Gobindo Vhowmik', 'New BR', '838'),
(11374, 278, 11360, 'Gobindo Vhowmik', 'New BR', '839'),
(11375, 278, 11360, 'Gobindo Vhowmik', 'New BR', '840'),
(11376, 278, 11360, 'Gobindo Vhowmik', 'New BR', '841'),
(11377, 278, 11360, 'Gobindo Vhowmik', 'New BR', '842'),
(11378, 278, 11360, 'Gobindo Vhowmik', 'New BR', '843'),
(11379, 278, 11360, 'Gobindo Vhowmik', 'New BR', '844'),
(11380, 278, 11360, 'Gobindo Vhowmik', 'New BR', '845'),
(11381, 278, 11360, 'Gobindo Vhowmik', 'New BR', '846'),
(11382, 278, 11360, 'Gobindo Vhowmik', 'New BR', '847'),
(11383, 278, 11360, 'Gobindo Vhowmik', 'New BR', '848'),
(11384, 278, 11360, 'Gobindo Vhowmik', 'New BR', '849'),
(11385, 278, 11360, 'Gobindo Vhowmik', 'New BR', '850'),
(11386, 279, 0, 'Soriful islam (Sorif)', 'Soriful islam (Sorif)', ''),
(11387, 279, 11386, 'Soriful islam (Sorif)', 'MD.Anowar', '851'),
(11388, 279, 11386, 'Soriful islam (Sorif)', 'MD.Sahajahan', '852'),
(11389, 279, 11386, 'Soriful islam (Sorif)', 'MD.Saiful islam', '853'),
(11390, 279, 11386, 'Soriful islam (Sorif)', 'MD.Liton Miah', '854'),
(11391, 279, 11386, 'Soriful islam (Sorif)', 'MD.Mahamud', '855'),
(11392, 279, 11386, 'Soriful islam (Sorif)', 'Habibur Rohaman', '856'),
(11393, 279, 11386, 'Soriful islam (Sorif)', 'Salimuddin', '857'),
(11394, 279, 11386, 'Soriful islam (Sorif)', 'Sakil Ahmed', '858'),
(11395, 279, 11386, 'Soriful islam (Sorif)', 'Najimuddin Apu', '859'),
(11396, 279, 11386, 'Soriful islam (Sorif)', 'Abdul Ali', '860'),
(11397, 279, 11386, 'Soriful islam (Sorif)', 'Mahamudul hasan', '861'),
(11398, 279, 11386, 'Soriful islam (Sorif)', 'Regaul Haque', '862'),
(11399, 279, 11386, 'Soriful islam (Sorif)', 'Siddikur Rahman', '863'),
(11400, 279, 11386, 'Soriful islam (Sorif)', 'New BR', '864'),
(11401, 279, 11386, 'Soriful islam (Sorif)', 'New BR', '865'),
(11402, 279, 11386, 'Soriful islam (Sorif)', 'New BR', '866'),
(11403, 279, 11386, 'Soriful islam (Sorif)', 'New BR', '867'),
(11404, 279, 11386, 'Soriful islam (Sorif)', 'New BR', '868'),
(11405, 279, 11386, 'Soriful islam (Sorif)', 'New BR', '869'),
(11406, 279, 11386, 'Soriful islam (Sorif)', 'New BR', '870'),
(11407, 279, 11386, 'Soriful islam (Sorif)', 'New BR', '871'),
(11408, 279, 11386, 'Soriful islam (Sorif)', 'New BR', '872'),
(11409, 279, 11386, 'Soriful islam (Sorif)', 'New BR', '873'),
(11410, 279, 11386, 'Soriful islam (Sorif)', 'New BR', '874'),
(11411, 279, 11386, 'Soriful islam (Sorif)', 'New BR', '875'),
(11412, 280, 0, 'MD Ziaur Rahman', 'MD Ziaur Rahman', ''),
(11413, 280, 11412, 'MD Ziaur Rahman', 'Debobroto Datta', '876'),
(11414, 280, 11412, 'MD Ziaur Rahman', 'Abdul Malik', '877'),
(11415, 280, 11412, 'MD Ziaur Rahman', 'Rony Chandra Dey', '878'),
(11416, 280, 11412, 'MD Ziaur Rahman', 'Ahmed Ibne Amir', '879'),
(11417, 280, 11412, 'MD Ziaur Rahman', 'Habibur Rahman', '880'),
(11418, 280, 11412, 'MD Ziaur Rahman', 'Jahid Iqbal', '881'),
(11419, 280, 11412, 'MD Ziaur Rahman', 'MD.Mominul Haque', '882'),
(11420, 280, 11412, 'MD Ziaur Rahman', 'Depok dey', '883'),
(11421, 280, 11412, 'MD Ziaur Rahman', 'Masum Ahmed', '884'),
(11422, 280, 11412, 'MD Ziaur Rahman', 'MD Sadikur Rahman', '885'),
(11423, 280, 11412, 'MD Ziaur Rahman', 'Shamim Ahmed', '886'),
(11424, 280, 11412, 'MD Ziaur Rahman', 'Shamol Datta', '887'),
(11425, 280, 11412, 'MD Ziaur Rahman', 'Ejajul Alom Sumon', '888'),
(11426, 280, 11412, 'MD Ziaur Rahman', 'Sahajan Miah', '889'),
(11427, 280, 11412, 'MD Ziaur Rahman', 'Al Amin Sheikh', '890'),
(11428, 280, 11412, 'MD Ziaur Rahman', 'Nihar Ronjon Das', '891'),
(11429, 280, 11412, 'MD Ziaur Rahman', 'Sojib kanti das', '892'),
(11430, 280, 11412, 'MD Ziaur Rahman', 'Rupon roy', '893'),
(11431, 280, 11412, 'MD Ziaur Rahman', 'Titu Dev', '894'),
(11432, 280, 11412, 'MD Ziaur Rahman', 'New BR', '895'),
(11433, 280, 11412, 'MD Ziaur Rahman', 'New BR', '896'),
(11434, 280, 11412, 'MD Ziaur Rahman', 'New BR', '897'),
(11435, 280, 11412, 'MD Ziaur Rahman', 'New BR', '898'),
(11436, 280, 11412, 'MD Ziaur Rahman', 'New BR', '899'),
(11437, 280, 11412, 'MD Ziaur Rahman', 'New BR', '900'),
(11438, 281, 0, 'Mohibur Rahman Mohib', 'Mohibur Rahman Mohib', ''),
(11439, 281, 11438, 'Mohibur Rahman Mohib', 'Mamun Ahmed kha', '901'),
(11440, 281, 11438, 'Mohibur Rahman Mohib', 'Md Ad Khalak', '902'),
(11441, 281, 11438, 'Mohibur Rahman Mohib', 'Mehedi Hasan Munna', '903'),
(11442, 281, 11438, 'Mohibur Rahman Mohib', 'Delwar Hossen', '904'),
(11443, 281, 11438, 'Mohibur Rahman Mohib', 'MD. Azharul Alam Shipu', '905'),
(11444, 281, 11438, 'Mohibur Rahman Mohib', 'Delwar Hosain Balal', '906'),
(11445, 281, 11438, 'Mohibur Rahman Mohib', 'Tonmoy Das Rajib', '907'),
(11446, 281, 11438, 'Mohibur Rahman Mohib', 'New BR', '908'),
(11447, 281, 11438, 'Mohibur Rahman Mohib', 'New BR', '909'),
(11448, 281, 11438, 'Mohibur Rahman Mohib', 'New BR', '910'),
(11449, 281, 11438, 'Mohibur Rahman Mohib', 'New BR', '911'),
(11450, 281, 11438, 'Mohibur Rahman Mohib', 'New BR', '912'),
(11451, 281, 11438, 'Mohibur Rahman Mohib', 'New BR', '913'),
(11452, 281, 11438, 'Mohibur Rahman Mohib', 'New BR', '914'),
(11453, 281, 11438, 'Mohibur Rahman Mohib', 'New BR', '915'),
(11454, 281, 11438, 'Mohibur Rahman Mohib', 'New BR', '916'),
(11455, 281, 11438, 'Mohibur Rahman Mohib', 'New BR', '917'),
(11456, 281, 11438, 'Mohibur Rahman Mohib', 'New BR', '918'),
(11457, 281, 11438, 'Mohibur Rahman Mohib', 'New BR', '919'),
(11458, 281, 11438, 'Mohibur Rahman Mohib', 'New BR', '920'),
(11459, 281, 11438, 'Mohibur Rahman Mohib', 'New BR', '921'),
(11460, 281, 11438, 'Mohibur Rahman Mohib', 'New BR', '922'),
(11461, 281, 11438, 'Mohibur Rahman Mohib', 'New BR', '923'),
(11462, 281, 11438, 'Mohibur Rahman Mohib', 'New BR', '924'),
(11463, 281, 11438, 'Mohibur Rahman Mohib', 'New BR', '925'),
(11464, 282, 0, 'Shambhu Acharjya ', 'Shambhu Acharjya ', ''),
(11465, 282, 11464, 'Shambhu Acharjya ', 'Ajit Bunarjee ', '926'),
(11466, 282, 11464, 'Shambhu Acharjya ', 'Subrata Sarkar', '927'),
(11467, 282, 11464, 'Shambhu Acharjya ', 'Shoidul Islam (Ovi)', '928'),
(11468, 282, 11464, 'Shambhu Acharjya ', 'Oliur Rahman', '929'),
(11469, 282, 11464, 'Shambhu Acharjya ', 'Abdul alim liton', '930'),
(11470, 282, 11464, 'Shambhu Acharjya ', 'Sojib Uddin Helal', '931'),
(11471, 282, 11464, 'Shambhu Acharjya ', 'Biplob Chowdory', '932'),
(11472, 282, 11464, 'Shambhu Acharjya ', 'Jutirmoy Deb', '933'),
(11473, 282, 11464, 'Shambhu Acharjya ', 'Shamim Ahmed', '934'),
(11474, 282, 11464, 'Shambhu Acharjya ', 'Rumel Ahmed', '935'),
(11475, 282, 11464, 'Shambhu Acharjya ', 'New BR', '936'),
(11476, 282, 11464, 'Shambhu Acharjya ', 'New BR', '937'),
(11477, 282, 11464, 'Shambhu Acharjya ', 'New BR', '938'),
(11478, 282, 11464, 'Shambhu Acharjya ', 'New BR', '939'),
(11479, 282, 11464, 'Shambhu Acharjya ', 'New BR', '940'),
(11480, 282, 11464, 'Shambhu Acharjya ', 'New BR', '941'),
(11481, 282, 11464, 'Shambhu Acharjya ', 'New BR', '942'),
(11482, 282, 11464, 'Shambhu Acharjya ', 'New BR', '943'),
(11483, 282, 11464, 'Shambhu Acharjya ', 'New BR', '944'),
(11484, 282, 11464, 'Shambhu Acharjya ', 'New BR', '945'),
(11485, 282, 11464, 'Shambhu Acharjya ', 'New BR', '946'),
(11486, 282, 11464, 'Shambhu Acharjya ', 'New BR', '947'),
(11487, 282, 11464, 'Shambhu Acharjya ', 'New BR', '948'),
(11488, 282, 11464, 'Shambhu Acharjya ', 'New BR', '949'),
(11489, 282, 11464, 'Shambhu Acharjya ', 'New BR', '950'),
(11490, 283, 0, 'Md. Arifur Rahman', 'Md. Arifur Rahman', ''),
(11491, 283, 11490, 'Md. Arifur Rahman', 'M.A.Wadud', '951'),
(11492, 283, 11490, 'Md. Arifur Rahman', 'Amdadur Rahman', '952'),
(11493, 283, 11490, 'Md. Arifur Rahman', 'Moudud Ali', '953'),
(11494, 283, 11490, 'Md. Arifur Rahman', 'Md. Sanyul Hoque', '954'),
(11495, 283, 11490, 'Md. Arifur Rahman', 'Shomrat Ahmed', '955'),
(11496, 283, 11490, 'Md. Arifur Rahman', 'Md. Shoheed Ali', '956'),
(11497, 283, 11490, 'Md. Arifur Rahman', 'Md. Khalidur Rahman', '957'),
(11498, 283, 11490, 'Md. Arifur Rahman', 'New BR', '958'),
(11499, 283, 11490, 'Md. Arifur Rahman', 'New BR', '959'),
(11500, 283, 11490, 'Md. Arifur Rahman', 'New BR', '960'),
(11501, 283, 11490, 'Md. Arifur Rahman', 'New BR', '961'),
(11502, 283, 11490, 'Md. Arifur Rahman', 'New BR', '962'),
(11503, 283, 11490, 'Md. Arifur Rahman', 'New BR', '963'),
(11504, 283, 11490, 'Md. Arifur Rahman', 'New BR', '964'),
(11505, 283, 11490, 'Md. Arifur Rahman', 'New BR', '965'),
(11506, 283, 11490, 'Md. Arifur Rahman', 'New BR', '966'),
(11507, 283, 11490, 'Md. Arifur Rahman', 'New BR', '967'),
(11508, 283, 11490, 'Md. Arifur Rahman', 'New BR', '968'),
(11509, 283, 11490, 'Md. Arifur Rahman', 'New BR', '969'),
(11510, 283, 11490, 'Md. Arifur Rahman', 'New BR', '970'),
(11511, 283, 11490, 'Md. Arifur Rahman', 'New BR', '971'),
(11512, 283, 11490, 'Md. Arifur Rahman', 'New BR', '972'),
(11513, 283, 11490, 'Md. Arifur Rahman', 'New BR', '973'),
(11514, 283, 11490, 'Md. Arifur Rahman', 'New BR', '974'),
(11515, 283, 11490, 'Md. Arifur Rahman', 'New BR', '975'),
(11516, 284, 0, 'Liton Chandra Dev', 'Liton Chandra Dev', ''),
(11517, 284, 11516, 'Liton Chandra Dev', 'Mahamudul Hasan', '976'),
(11518, 284, 11516, 'Liton Chandra Dev', 'Sumit Deb', '977'),
(11519, 284, 11516, 'Liton Chandra Dev', 'Ashiqul Hasan', '978'),
(11520, 284, 11516, 'Liton Chandra Dev', 'Palash Kar ', '979'),
(11521, 284, 11516, 'Liton Chandra Dev', 'Mehedhe Hassan', '980'),
(11522, 284, 11516, 'Liton Chandra Dev', 'Shuvo Bhuiyan', '981'),
(11523, 284, 11516, 'Liton Chandra Dev', 'Md Mijanur Rahman ', '982'),
(11524, 284, 11516, 'Liton Chandra Dev', 'Md. Anower Hossain', '983'),
(11525, 284, 11516, 'Liton Chandra Dev', 'Sabir Khan', '984'),
(11526, 284, 11516, 'Liton Chandra Dev', 'Murad Hasan', '985'),
(11527, 284, 11516, 'Liton Chandra Dev', 'Prabir Das Tito ', '986'),
(11528, 284, 11516, 'Liton Chandra Dev', 'Boshirul Islam', '987'),
(11529, 284, 11516, 'Liton Chandra Dev', 'Kajal Kar  ', '988'),
(11530, 284, 11516, 'Liton Chandra Dev', 'Md. Mahabub Miah', '989'),
(11531, 284, 11516, 'Liton Chandra Dev', 'Dewan Md. Tamanna', '990'),
(11532, 284, 11516, 'Liton Chandra Dev', 'Md. Alamgir Hossain', '991'),
(11533, 284, 11516, 'Liton Chandra Dev', 'Md. Showrop Haque', '992'),
(11534, 284, 11516, 'Liton Chandra Dev', 'New BR', '993'),
(11535, 284, 11516, 'Liton Chandra Dev', 'New BR', '994'),
(11536, 284, 11516, 'Liton Chandra Dev', 'New BR', '995'),
(11537, 284, 11516, 'Liton Chandra Dev', 'New BR', '996'),
(11538, 284, 11516, 'Liton Chandra Dev', 'New BR', '997'),
(11539, 284, 11516, 'Liton Chandra Dev', 'New BR', '998'),
(11540, 284, 11516, 'Liton Chandra Dev', 'New BR', '999'),
(11541, 284, 11516, 'Liton Chandra Dev', 'New BR', '1000'),
(11542, 285, 0, 'Ashish Adhikary', 'Ashish Adhikary', ''),
(11543, 285, 11542, 'Ashish Adhikary', 'Md.Afzal Hossain', '1001'),
(11544, 285, 11542, 'Ashish Adhikary', 'Md.Shobuj Ahmed', '1002'),
(11545, 285, 11542, 'Ashish Adhikary', 'Rajib Sorkar', '1003'),
(11546, 285, 11542, 'Ashish Adhikary', 'Joyanto Das', '1004'),
(11547, 285, 11542, 'Ashish Adhikary', 'Md.Ibrahim Khalil', '1005'),
(11548, 285, 11542, 'Ashish Adhikary', 'Md.Tipu Sultan', '1006'),
(11549, 285, 11542, 'Ashish Adhikary', 'Md.Sakil Mia', '1007'),
(11550, 285, 11542, 'Ashish Adhikary', 'Md.Rakibul Islam', '1008'),
(11551, 285, 11542, 'Ashish Adhikary', 'Md.Billal Hossain', '1009'),
(11552, 285, 11542, 'Ashish Adhikary', 'Rajib Ahmed', '1010'),
(11553, 285, 11542, 'Ashish Adhikary', 'Azizul Hakim', '1011'),
(11554, 285, 11542, 'Ashish Adhikary', 'Shafiqul Islam', '1012'),
(11555, 285, 11542, 'Ashish Adhikary', 'Md. Jewel Miah', '1013'),
(11556, 285, 11542, 'Ashish Adhikary', 'New BR', '1014'),
(11557, 285, 11542, 'Ashish Adhikary', 'New BR', '1015'),
(11558, 285, 11542, 'Ashish Adhikary', 'New BR', '1016'),
(11559, 285, 11542, 'Ashish Adhikary', 'New BR', '1017'),
(11560, 285, 11542, 'Ashish Adhikary', 'New BR', '1018'),
(11561, 285, 11542, 'Ashish Adhikary', 'New BR', '1019'),
(11562, 285, 11542, 'Ashish Adhikary', 'New BR', '1020'),
(11563, 285, 11542, 'Ashish Adhikary', 'New BR', '1021'),
(11564, 285, 11542, 'Ashish Adhikary', 'New BR', '1022'),
(11565, 285, 11542, 'Ashish Adhikary', 'New BR', '1023'),
(11566, 285, 11542, 'Ashish Adhikary', 'New BR', '1024'),
(11567, 285, 11542, 'Ashish Adhikary', 'New BR', '1025'),
(11568, 285, 0, 'Md. Jahangir Alam', 'Md. Jahangir Alam', ''),
(11569, 285, 11568, 'Md. Jahangir Alam', 'A.K.M Abdullah', '1026'),
(11570, 285, 11568, 'Md. Jahangir Alam', 'Pizush Kanti Das', '1027'),
(11571, 285, 11568, 'Md. Jahangir Alam', 'Pallab Kumar Das', '1028'),
(11572, 285, 11568, 'Md. Jahangir Alam', 'Md Anwar Hossain', '1029'),
(11573, 285, 11568, 'Md. Jahangir Alam', 'Jownaid Hasan', '1030'),
(11574, 285, 11568, 'Md. Jahangir Alam', 'Md Ismail Miah', '1031'),
(11575, 285, 11568, 'Md. Jahangir Alam', 'Akrul Hasan', '1032'),
(11576, 285, 11568, 'Md. Jahangir Alam', 'Mozibur Rahman', '1033'),
(11577, 285, 11568, 'Md. Jahangir Alam', 'New BR', '1034'),
(11578, 285, 11568, 'Md. Jahangir Alam', 'New BR', '1035'),
(11579, 285, 11568, 'Md. Jahangir Alam', 'New BR', '1036'),
(11580, 285, 11568, 'Md. Jahangir Alam', 'New BR', '1037'),
(11581, 285, 11568, 'Md. Jahangir Alam', 'New BR', '1038'),
(11582, 285, 11568, 'Md. Jahangir Alam', 'New BR', '1039'),
(11583, 285, 11568, 'Md. Jahangir Alam', 'New BR', '1040'),
(11584, 285, 11568, 'Md. Jahangir Alam', 'New BR', '1041'),
(11585, 285, 11568, 'Md. Jahangir Alam', 'New BR', '1042'),
(11586, 285, 11568, 'Md. Jahangir Alam', 'New BR', '1043'),
(11587, 285, 11568, 'Md. Jahangir Alam', 'New BR', '1044'),
(11588, 285, 11568, 'Md. Jahangir Alam', 'New BR', '1045'),
(11589, 285, 11568, 'Md. Jahangir Alam', 'New BR', '1046'),
(11590, 285, 11568, 'Md. Jahangir Alam', 'New BR', '1047'),
(11591, 285, 11568, 'Md. Jahangir Alam', 'New BR', '1048'),
(11592, 285, 11568, 'Md. Jahangir Alam', 'New BR', '1049'),
(11593, 285, 11568, 'Md. Jahangir Alam', 'New BR', '1050'),
(11594, 286, 0, 'Md. Jakir Hossain', 'Md. Jakir Hossain', ''),
(11595, 286, 11594, 'Md. Jakir Hossain', 'Syed Salah Uddin Ronal', '1051'),
(11596, 286, 11594, 'Md. Jakir Hossain', 'Md. Raihan Hossain Munna', '1052'),
(11597, 286, 11594, 'Md. Jakir Hossain', 'Md. Sharif Khan', '1053'),
(11598, 286, 11594, 'Md. Jakir Hossain', 'Md.Zahirul islam', '1054'),
(11599, 286, 11594, 'Md. Jakir Hossain', 'Md. Asadujjaman', '1055'),
(11600, 286, 11594, 'Md. Jakir Hossain', 'Md. Umor Farok', '1056'),
(11601, 286, 11594, 'Md. Jakir Hossain', 'Mir Mahmudul Haq', '1057'),
(11602, 286, 11594, 'Md. Jakir Hossain', 'Md. Nasim Ahmed', '1058'),
(11603, 286, 11594, 'Md. Jakir Hossain', 'MD.AL-IMRAN', '1059'),
(11604, 286, 11594, 'Md. Jakir Hossain', 'MD. Rakibul Islam ', '1060'),
(11605, 286, 11594, 'Md. Jakir Hossain', 'New BR', '1061'),
(11606, 286, 11594, 'Md. Jakir Hossain', 'New BR', '1062'),
(11607, 286, 11594, 'Md. Jakir Hossain', 'New BR', '1063'),
(11608, 286, 11594, 'Md. Jakir Hossain', 'New BR', '1064'),
(11609, 286, 11594, 'Md. Jakir Hossain', 'New BR', '1065'),
(11610, 286, 11594, 'Md. Jakir Hossain', 'New BR', '1066'),
(11611, 286, 11594, 'Md. Jakir Hossain', 'New BR', '1067'),
(11612, 286, 11594, 'Md. Jakir Hossain', 'New BR', '1068'),
(11613, 286, 11594, 'Md. Jakir Hossain', 'New BR', '1069'),
(11614, 286, 11594, 'Md. Jakir Hossain', 'New BR', '1070'),
(11615, 286, 11594, 'Md. Jakir Hossain', 'New BR', '1071'),
(11616, 286, 11594, 'Md. Jakir Hossain', 'New BR', '1072'),
(11617, 286, 11594, 'Md. Jakir Hossain', 'New BR', '1073'),
(11618, 286, 11594, 'Md. Jakir Hossain', 'New BR', '1074'),
(11619, 286, 11594, 'Md. Jakir Hossain', 'New BR', '1075'),
(11620, 286, 0, 'Jubaer Hasnat ', 'Jubaer Hasnat ', ''),
(11621, 286, 11620, 'Jubaer Hasnat ', 'Md. Abdul Malak', '1076'),
(11622, 286, 11620, 'Jubaer Hasnat ', 'MIZANUR RAHMAN', '1077'),
(11623, 286, 11620, 'Jubaer Hasnat ', 'MD. AMIR UDDIN', '1078'),
(11624, 286, 11620, 'Jubaer Hasnat ', 'Md.Nizam Uddin', '1079'),
(11625, 286, 11620, 'Jubaer Hasnat ', 'Md.Iqbal Hossain', '1080'),
(11626, 286, 11620, 'Jubaer Hasnat ', 'Md. Manik Mia', '1081'),
(11627, 286, 11620, 'Jubaer Hasnat ', 'Fayjur Rahman', '1082'),
(11628, 286, 11620, 'Jubaer Hasnat ', 'Md. Kamrul Hasan', '1083'),
(11629, 286, 11620, 'Jubaer Hasnat ', 'Md. Khalil Ullah', '1084'),
(11630, 286, 11620, 'Jubaer Hasnat ', 'Md. Sayem Ahmed', '1085'),
(11631, 286, 11620, 'Jubaer Hasnat ', 'Abdul Jobbar', '1086'),
(11632, 286, 11620, 'Jubaer Hasnat ', 'New BR', '1087'),
(11633, 286, 11620, 'Jubaer Hasnat ', 'New BR', '1088'),
(11634, 286, 11620, 'Jubaer Hasnat ', 'New BR', '1089'),
(11635, 286, 11620, 'Jubaer Hasnat ', 'New BR', '1090'),
(11636, 286, 11620, 'Jubaer Hasnat ', 'New BR', '1091'),
(11637, 286, 11620, 'Jubaer Hasnat ', 'New BR', '1092'),
(11638, 286, 11620, 'Jubaer Hasnat ', 'New BR', '1093'),
(11639, 286, 11620, 'Jubaer Hasnat ', 'New BR', '1094'),
(11640, 286, 11620, 'Jubaer Hasnat ', 'New BR', '1095'),
(11641, 286, 11620, 'Jubaer Hasnat ', 'New BR', '1096'),
(11642, 286, 11620, 'Jubaer Hasnat ', 'New BR', '1097'),
(11643, 286, 11620, 'Jubaer Hasnat ', 'New BR', '1098'),
(11644, 286, 11620, 'Jubaer Hasnat ', 'New BR', '1099'),
(11645, 286, 11620, 'Jubaer Hasnat ', 'New BR', '1100'),
(11646, 287, 0, 'MD Abdus Satter', 'MD Abdus Satter', ''),
(11647, 287, 11646, 'MD Abdus Satter', 'Saiful Islam Roman', '1101'),
(11648, 287, 11646, 'MD Abdus Satter', 'Md.Zakir Hosain', '1102'),
(11649, 287, 11646, 'MD Abdus Satter', 'Md. Mahfujul Islam', '1103'),
(11650, 287, 11646, 'MD Abdus Satter', 'Razib Hossain', '1104'),
(11651, 287, 11646, 'MD Abdus Satter', 'Abu Rashed', '1105'),
(11652, 287, 11646, 'MD Abdus Satter', 'Md Najmul Hasan', '1106'),
(11653, 287, 11646, 'MD Abdus Satter', 'Md.Rezaul Islam', '1107'),
(11654, 287, 11646, 'MD Abdus Satter', 'Md Monirujjaman', '1108'),
(11655, 287, 11646, 'MD Abdus Satter', 'Md.Arif Rabbani', '1109'),
(11656, 287, 11646, 'MD Abdus Satter', 'S M Arif', '1110'),
(11657, 287, 11646, 'MD Abdus Satter', 'Md Selim Mia', '1111'),
(11658, 287, 11646, 'MD Abdus Satter', 'Md.Said Hasan', '1112'),
(11659, 287, 11646, 'MD Abdus Satter', 'New BR', '1113'),
(11660, 287, 11646, 'MD Abdus Satter', 'New BR', '1114'),
(11661, 287, 11646, 'MD Abdus Satter', 'New BR', '1115'),
(11662, 287, 11646, 'MD Abdus Satter', 'New BR', '1116'),
(11663, 287, 11646, 'MD Abdus Satter', 'New BR', '1117'),
(11664, 287, 11646, 'MD Abdus Satter', 'New BR', '1118'),
(11665, 287, 11646, 'MD Abdus Satter', 'New BR', '1119'),
(11666, 287, 11646, 'MD Abdus Satter', 'New BR', '1120'),
(11667, 287, 11646, 'MD Abdus Satter', 'New BR', '1121'),
(11668, 287, 11646, 'MD Abdus Satter', 'New BR', '1122'),
(11669, 287, 11646, 'MD Abdus Satter', 'New BR', '1123'),
(11670, 287, 11646, 'MD Abdus Satter', 'New BR', '1124'),
(11671, 287, 11646, 'MD Abdus Satter', 'New BR', '1125'),
(11672, 288, 0, 'Mahmudul hasan', 'Mahmudul hasan', ''),
(11673, 288, 11672, 'Mahmudul hasan', 'Md.Tajul Islam', '1126'),
(11674, 288, 11672, 'Mahmudul hasan', 'Sohel Rana', '1127'),
(11675, 288, 11672, 'Mahmudul hasan', 'Md.Kamal Uddin', '1128'),
(11676, 288, 11672, 'Mahmudul hasan', 'Md.Jamal Uddin', '1129'),
(11677, 288, 11672, 'Mahmudul hasan', 'Md.Jahirul Islam', '1130'),
(11678, 288, 11672, 'Mahmudul hasan', 'Md.Khalilur Rahman', '1131'),
(11679, 288, 11672, 'Mahmudul hasan', 'Bokul Chandra Devnath', '1132'),
(11680, 288, 11672, 'Mahmudul hasan', 'Ashis Kumer', '1133'),
(11681, 288, 11672, 'Mahmudul hasan', 'Jahangir Alam', '1134'),
(11682, 289, 11672, 'Mahmudul hasan', 'Sumon Das', '1135'),
(11683, 289, 11672, 'Mahmudul hasan', 'MD. Jewel Mia', '1136'),
(11684, 289, 11672, 'Mahmudul hasan', 'Md. Ashik', '1137'),
(11685, 289, 11672, 'Mahmudul hasan', 'KM Habibul Kader', '1138'),
(11686, 289, 11672, 'Mahmudul hasan', 'MD.KAMAL', '1139'),
(11687, 289, 11672, 'Mahmudul hasan', 'Oli Mahmud', '1140'),
(11688, 289, 11672, 'Mahmudul hasan', 'Monjurul Haque ', '1141'),
(11689, 289, 11672, 'Mahmudul hasan', 'New BR', '1142'),
(11690, 289, 11672, 'Mahmudul hasan', 'New BR', '1143'),
(11691, 289, 11672, 'Mahmudul hasan', 'New BR', '1144'),
(11692, 289, 11672, 'Mahmudul hasan', 'New BR', '1145'),
(11693, 289, 11672, 'Mahmudul hasan', 'New BR', '1146'),
(11694, 289, 11672, 'Mahmudul hasan', 'New BR', '1147'),
(11695, 289, 11672, 'Mahmudul hasan', 'New BR', '1148'),
(11696, 289, 11672, 'Mahmudul hasan', 'New BR', '1149'),
(11697, 289, 11672, 'Mahmudul hasan', 'New BR', '1150'),
(11698, 290, 0, 'Md Nur Islam Badol', 'Md Nur Islam Badol', ''),
(11699, 290, 11698, 'Md Nur Islam Badol', 'Md:Munsur Hallaz', '1151'),
(11700, 290, 11698, 'Md Nur Islam Badol', 'Md:Hasanur Rahman', '1152'),
(11701, 290, 11698, 'Md Nur Islam Badol', 'Sree Kalyan Proshad', '1153'),
(11702, 290, 11698, 'Md Nur Islam Badol', 'Md:Rashedul Haque', '1154'),
(11703, 290, 11698, 'Md Nur Islam Badol', 'Md:Sohag Babu', '1155'),
(11704, 290, 11698, 'Md Nur Islam Badol', 'Md:Ahosan habib', '1156'),
(11705, 290, 11698, 'Md Nur Islam Badol', 'Md:Sabbir Hossain', '1157'),
(11706, 290, 11698, 'Md Nur Islam Badol', 'Md:Mynul Hasan', '1158'),
(11707, 290, 11698, 'Md Nur Islam Badol', 'Md.Shariful islam', '1159'),
(11708, 290, 11698, 'Md Nur Islam Badol', 'Md:Safe Kamal', '1160'),
(11709, 290, 11698, 'Md Nur Islam Badol', 'Md Sohel rana', '1161'),
(11710, 290, 11698, 'Md Nur Islam Badol', 'Md Mamun Ur Rashid', '1162'),
(11711, 290, 11698, 'Md Nur Islam Badol', 'Shohag kumar', '1163'),
(11712, 290, 11698, 'Md Nur Islam Badol', 'Md:Masum billah', '1164'),
(11713, 290, 11698, 'Md Nur Islam Badol', 'Md:Arifur Rahman', '1165'),
(11714, 290, 11698, 'Md Nur Islam Badol', 'Md:Abdul Mottilab', '1166'),
(11715, 290, 11698, 'Md Nur Islam Badol', 'New BR', '1167'),
(11716, 290, 11698, 'Md Nur Islam Badol', 'New BR', '1168'),
(11717, 290, 11698, 'Md Nur Islam Badol', 'New BR', '1169'),
(11718, 290, 11698, 'Md Nur Islam Badol', 'New BR', '1170'),
(11719, 290, 11698, 'Md Nur Islam Badol', 'New BR', '1171'),
(11720, 290, 11698, 'Md Nur Islam Badol', 'New BR', '1172'),
(11721, 290, 11698, 'Md Nur Islam Badol', 'New BR', '1173'),
(11722, 290, 11698, 'Md Nur Islam Badol', 'New BR', '1174'),
(11723, 290, 11698, 'Md Nur Islam Badol', 'New BR', '1175'),
(11724, 291, 0, 'Mintu Kumar Prosad', 'Mintu Kumar Prosad', ''),
(11725, 291, 11724, 'Mintu Kumar Prosad', 'Md. Soaib Bin Akter', '1176'),
(11726, 291, 11724, 'Mintu Kumar Prosad', 'Md. Khaleduzzaman', '1177'),
(11727, 291, 11724, 'Mintu Kumar Prosad', 'MD. Rakib Hasan', '1178'),
(11728, 291, 11724, 'Mintu Kumar Prosad', 'Md. Minar Box', '1179'),
(11729, 291, 11724, 'Mintu Kumar Prosad', 'Md. Ashraful Islam', '1180'),
(11730, 291, 11724, 'Mintu Kumar Prosad', 'Md. Halim Sheikh', '1181'),
(11731, 291, 11724, 'Mintu Kumar Prosad', 'Md Abdullah Al Mamun ', '1182'),
(11732, 291, 11724, 'Mintu Kumar Prosad', 'Md Abdul Awal', '1183'),
(11733, 291, 11724, 'Mintu Kumar Prosad', 'Ananda kumar', '1184'),
(11734, 291, 11724, 'Mintu Kumar Prosad', 'Md Manik Mirza', '1185'),
(11735, 291, 11724, 'Mintu Kumar Prosad', 'Plabon chandra', '1186'),
(11736, 291, 11724, 'Mintu Kumar Prosad', 'New BR', '1187'),
(11737, 291, 11724, 'Mintu Kumar Prosad', 'New BR', '1188'),
(11738, 291, 11724, 'Mintu Kumar Prosad', 'New BR', '1189'),
(11739, 291, 11724, 'Mintu Kumar Prosad', 'New BR', '1190'),
(11740, 291, 11724, 'Mintu Kumar Prosad', 'New BR', '1191'),
(11741, 291, 11724, 'Mintu Kumar Prosad', 'New BR', '1192'),
(11742, 291, 11724, 'Mintu Kumar Prosad', 'New BR', '1193'),
(11743, 291, 11724, 'Mintu Kumar Prosad', 'New BR', '1194'),
(11744, 291, 11724, 'Mintu Kumar Prosad', 'New BR', '1195'),
(11745, 291, 11724, 'Mintu Kumar Prosad', 'New BR', '1196'),
(11746, 291, 11724, 'Mintu Kumar Prosad', 'New BR', '1197'),
(11747, 291, 11724, 'Mintu Kumar Prosad', 'New BR', '1198'),
(11748, 291, 11724, 'Mintu Kumar Prosad', 'New BR', '1199'),
(11749, 291, 11724, 'Mintu Kumar Prosad', 'New BR', '1200'),
(11750, 292, 0, 'sayed Khurram Jha Mored', 'sayed Khurram Jha Mored', ''),
(11751, 292, 11750, 'sayed Khurram Jha Mored', 'Abu Sufian', '1201'),
(11752, 292, 11750, 'sayed Khurram Jha Mored', 'Md.Moshiur Rahman', '1202'),
(11753, 292, 11750, 'sayed Khurram Jha Mored', 'Md.Mhafuzar Rahman', '1203'),
(11754, 292, 11750, 'sayed Khurram Jha Mored', 'Md.Fardous Ansary', '1204'),
(11755, 292, 11750, 'sayed Khurram Jha Mored', 'Md.Alamin', '1205'),
(11756, 292, 11750, 'sayed Khurram Jha Mored', 'Md.Islam Khan', '1206'),
(11757, 292, 11750, 'sayed Khurram Jha Mored', 'Md Sheikh Rasel', '1207'),
(11758, 292, 11750, 'sayed Khurram Jha Mored', 'Md Zahedur rahman', '1208'),
(11759, 292, 11750, 'sayed Khurram Jha Mored', 'Md Nur Alam Siddiqui', '1209'),
(11760, 292, 11750, 'sayed Khurram Jha Mored', 'Suvro Chakrobarty', '1210'),
(11761, 292, 11750, 'sayed Khurram Jha Mored', 'Md.Najmul Islam', '1211'),
(11762, 292, 11750, 'sayed Khurram Jha Mored', 'Md.Abu Razin', '1212'),
(11763, 292, 11750, 'sayed Khurram Jha Mored', 'Md Abdus sattar', '1213'),
(11764, 292, 11750, 'sayed Khurram Jha Mored', 'Md.Appel Mhamud', '1214'),
(11765, 292, 11750, 'sayed Khurram Jha Mored', 'MD Monoarul Islam', '1215'),
(11766, 292, 11750, 'sayed Khurram Jha Mored', 'Md.Saiful Islam', '1216'),
(11767, 292, 11750, 'sayed Khurram Jha Mored', 'Md Fazlul Haque', '1217'),
(11768, 292, 11750, 'sayed Khurram Jha Mored', 'New BR', '1218'),
(11769, 292, 11750, 'sayed Khurram Jha Mored', 'New BR', '1219'),
(11770, 292, 11750, 'sayed Khurram Jha Mored', 'New BR', '1220'),
(11771, 292, 11750, 'sayed Khurram Jha Mored', 'New BR', '1221'),
(11772, 292, 11750, 'sayed Khurram Jha Mored', 'New BR', '1222'),
(11773, 292, 11750, 'sayed Khurram Jha Mored', 'New BR', '1223'),
(11774, 292, 11750, 'sayed Khurram Jha Mored', 'New BR', '1224'),
(11775, 292, 11750, 'sayed Khurram Jha Mored', 'New BR', '1225'),
(11776, 293, 0, 'Md Shabidul Islam', 'Md Shabidul Islam', ''),
(11777, 293, 11776, 'Md Shabidul Islam', 'Kaiser Hamid', '1226'),
(11778, 293, 11776, 'Md Shabidul Islam', 'Ratan Kumar', '1227'),
(11779, 293, 11776, 'Md Shabidul Islam', 'Bokul Hossain', '1228'),
(11780, 293, 11776, 'Md Shabidul Islam', 'Motiur Rahman', '1229'),
(11781, 293, 11776, 'Md Shabidul Islam', 'Al Mamun', '1230'),
(11782, 293, 11776, 'Md Shabidul Islam', 'Raihan Ali Sarkar', '1231'),
(11783, 293, 11776, 'Md Shabidul Islam', 'Shamim Ahmed', '1232'),
(11784, 293, 11776, 'Md Shabidul Islam', 'Md.Abdur Rahim', '1233'),
(11785, 293, 11776, 'Md Shabidul Islam', 'Md Sohel rana', '1234'),
(11786, 293, 11776, 'Md Shabidul Islam', 'Yousuf Ali', '1235'),
(11787, 293, 11776, 'Md Shabidul Islam', 'New BR', '1236'),
(11788, 293, 11776, 'Md Shabidul Islam', 'New BR', '1237'),
(11789, 293, 11776, 'Md Shabidul Islam', 'New BR', '1238'),
(11790, 293, 11776, 'Md Shabidul Islam', 'New BR', '1239'),
(11791, 293, 11776, 'Md Shabidul Islam', 'New BR', '1240'),
(11792, 293, 11776, 'Md Shabidul Islam', 'New BR', '1241'),
(11793, 293, 11776, 'Md Shabidul Islam', 'New BR', '1242'),
(11794, 293, 11776, 'Md Shabidul Islam', 'New BR', '1243'),
(11795, 293, 11776, 'Md Shabidul Islam', 'New BR', '1244'),
(11796, 293, 11776, 'Md Shabidul Islam', 'New BR', '1245'),
(11797, 293, 11776, 'Md Shabidul Islam', 'New BR', '1246'),
(11798, 293, 11776, 'Md Shabidul Islam', 'New BR', '1247'),
(11799, 293, 11776, 'Md Shabidul Islam', 'New BR', '1248'),
(11800, 293, 11776, 'Md Shabidul Islam', 'New BR', '1249'),
(11801, 293, 11776, 'Md Shabidul Islam', 'New BR', '1250'),
(11802, 294, 0, ' Md.Shajjad Hossain', ' Md.Shajjad Hossain', ''),
(11803, 294, 11802, ' Md.Shajjad Hossain', 'MD. IQBAL HOSSAIN-IQBAL', '1251'),
(11804, 294, 11802, ' Md.Shajjad Hossain', 'MD. SHAHRIAR RAHMAN-MITUL', '1252'),
(11805, 294, 11802, ' Md.Shajjad Hossain', 'MD. SHAFIUL HAYAD-SHIMUL', '1253'),
(11806, 294, 11802, ' Md.Shajjad Hossain', 'MD. ABU AL HASAN-PRINCE', '1254'),
(11807, 294, 11802, ' Md.Shajjad Hossain', 'MD. FIROJ KHAN-MIMON', '1255'),
(11808, 294, 11802, ' Md.Shajjad Hossain', 'MD. JAHIDUL HAQUE -DOLLAR', '1256'),
(11809, 294, 11802, ' Md.Shajjad Hossain', 'MD. JAFE UDDIN -RUPOSH', '1257'),
(11810, 294, 11802, ' Md.Shajjad Hossain', 'ANJAN KUMAR UPADHYAY-ANJAN', '1258'),
(11811, 294, 11802, ' Md.Shajjad Hossain', 'MD. BELAL HOSSAIN', '1259'),
(11812, 294, 11802, ' Md.Shajjad Hossain', 'MD. KAMS-UL-ISLAM', '1260'),
(11813, 295, 11802, ' Md.Shajjad Hossain', 'MD. MUSTAFEJUR RAHMAN-BAYAZID', '1261'),
(11814, 295, 11802, ' Md.Shajjad Hossain', 'MD. SABBIR HASAN-SABBIR', '1262'),
(11815, 295, 11802, ' Md.Shajjad Hossain', 'MD. MOFIZUL ISLAM-MOFIZUL', '1263'),
(11816, 295, 11802, ' Md.Shajjad Hossain', 'AL MAMUN', '1264'),
(11817, 295, 11802, ' Md.Shajjad Hossain', 'MD. SALEK ALI', '1265'),
(11818, 295, 11802, ' Md.Shajjad Hossain', 'MD. PERVEZ', '1266'),
(11819, 295, 11802, ' Md.Shajjad Hossain', 'MASUD RANA', '1267'),
(11820, 295, 11802, ' Md.Shajjad Hossain', 'SHUBIR KUMAR', '1268'),
(11821, 295, 11802, ' Md.Shajjad Hossain', 'New BR', '1269'),
(11822, 295, 11802, ' Md.Shajjad Hossain', 'New BR', '1270'),
(11823, 295, 11802, ' Md.Shajjad Hossain', 'New BR', '1271'),
(11824, 295, 11802, ' Md.Shajjad Hossain', 'New BR', '1272'),
(11825, 295, 11802, ' Md.Shajjad Hossain', 'New BR', '1273'),
(11826, 295, 11802, ' Md.Shajjad Hossain', 'New BR', '1274'),
(11827, 295, 11802, ' Md.Shajjad Hossain', 'New BR', '1275'),
(11828, 294, 0, 'MD. RAIHAN UDDIN MRIDHA', 'MD. RAIHAN UDDIN MRIDHA', ''),
(11829, 294, 11828, 'MD. RAIHAN UDDIN MRIDHA', 'MD. SHAFIQUL ISLAM', '1276'),
(11830, 294, 11828, 'MD. RAIHAN UDDIN MRIDHA', 'SK HASAN MAHAMUD MITHU', '1277'),
(11831, 294, 11828, 'MD. RAIHAN UDDIN MRIDHA', 'MD. ASRAFUL ALAM', '1278'),
(11832, 294, 11828, 'MD. RAIHAN UDDIN MRIDHA', 'RAFIKUL ISLAM', '1279'),
(11833, 294, 11828, 'MD. RAIHAN UDDIN MRIDHA', 'SHAUROV HOSSAIN', '1280'),
(11834, 294, 11828, 'MD. RAIHAN UDDIN MRIDHA', 'Md. Golam fozle rabbi', '1281'),
(11835, 296, 11828, 'MD. RAIHAN UDDIN MRIDHA', 'MIRZA SADDAM HOSSAIN-SUN', '1282'),
(11836, 296, 11828, 'MD. RAIHAN UDDIN MRIDHA', 'MD. JAHIDUL ISLAM MRIDHA-MIRAZ', '1283'),
(11837, 296, 11828, 'MD. RAIHAN UDDIN MRIDHA', 'HAYAT-UL-AMIN', '1284'),
(11838, 296, 11828, 'MD. RAIHAN UDDIN MRIDHA', 'MAHAMUDUL ISLAM', '1285'),
(11839, 296, 11828, 'MD. RAIHAN UDDIN MRIDHA', 'ABDUR RAZZAQ-SOJIB', '1286'),
(11840, 296, 11828, 'MD. RAIHAN UDDIN MRIDHA', 'TAHMID ISLAM', '1287'),
(11841, 296, 11828, 'MD. RAIHAN UDDIN MRIDHA', 'New BR', '1288'),
(11842, 296, 11828, 'MD. RAIHAN UDDIN MRIDHA', 'New BR', '1289'),
(11843, 296, 11828, 'MD. RAIHAN UDDIN MRIDHA', 'New BR', '1290'),
(11844, 296, 11828, 'MD. RAIHAN UDDIN MRIDHA', 'New BR', '1291'),
(11845, 296, 11828, 'MD. RAIHAN UDDIN MRIDHA', 'New BR', '1292'),
(11846, 296, 11828, 'MD. RAIHAN UDDIN MRIDHA', 'New BR', '1293'),
(11847, 296, 11828, 'MD. RAIHAN UDDIN MRIDHA', 'New BR', '1294'),
(11848, 296, 11828, 'MD. RAIHAN UDDIN MRIDHA', 'New BR', '1295'),
(11849, 296, 11828, 'MD. RAIHAN UDDIN MRIDHA', 'New BR', '1296'),
(11850, 296, 11828, 'MD. RAIHAN UDDIN MRIDHA', 'New BR', '1297'),
(11851, 296, 11828, 'MD. RAIHAN UDDIN MRIDHA', 'New BR', '1298'),
(11852, 296, 11828, 'MD. RAIHAN UDDIN MRIDHA', 'New BR', '1299'),
(11853, 296, 11828, 'MD. RAIHAN UDDIN MRIDHA', 'New BR', '1300'),
(11854, 297, 0, 'MD. SHOHEL RANA', 'MD. SHOHEL RANA', ''),
(11855, 297, 11854, 'MD. SHOHEL RANA', 'MD. MEHEDI HASAN-MEHEDI', '1301'),
(11856, 297, 11854, 'MD. SHOHEL RANA', 'SHAHDAT HOSSAIN-RINKU', '1302'),
(11857, 297, 11854, 'MD. SHOHEL RANA', 'MD. KAMAL HOSSAIN-KAMAL', '1303'),
(11858, 297, 11854, 'MD. SHOHEL RANA', 'MD. BABUL HOSSAIN-RONY', '1304'),
(11859, 297, 11854, 'MD. SHOHEL RANA', 'Mamun Hossain', '1305'),
(11860, 297, 11854, 'MD. SHOHEL RANA', 'Sohel Rahman', '1306'),
(11861, 297, 11854, 'MD. SHOHEL RANA', 'Rakib Hossain', '1307'),
(11862, 297, 11854, 'MD. SHOHEL RANA', 'MD. MAMUN UR RASHID', '1308'),
(11863, 297, 11854, 'MD. SHOHEL RANA', 'MD. MASUD HOSSAIN-MASUD', '1309'),
(11864, 297, 11854, 'MD. SHOHEL RANA', 'Miraz Hossain', '1310'),
(11865, 297, 11854, 'MD. SHOHEL RANA', 'Raja', '1311'),
(11866, 297, 11854, 'MD. SHOHEL RANA', 'MD. MUNSUR HELLAL-BIDDUT', '1312'),
(11867, 297, 11854, 'MD. SHOHEL RANA', 'MD. RASHADUR JAMAN-RAJU', '1313'),
(11868, 297, 11854, 'MD. SHOHEL RANA', 'ZAHIDUL ISLAM', '1314'),
(11869, 297, 11854, 'MD. SHOHEL RANA', 'MD. MANIK HOSSAIN', '1315'),
(11870, 297, 11854, 'MD. SHOHEL RANA', 'MD. ABDUL MOMIN RIPON', '1316'),
(11871, 297, 11854, 'MD. SHOHEL RANA', 'New BR', '1317'),
(11872, 297, 11854, 'MD. SHOHEL RANA', 'New BR', '1318'),
(11873, 297, 11854, 'MD. SHOHEL RANA', 'New BR', '1319'),
(11874, 297, 11854, 'MD. SHOHEL RANA', 'New BR', '1320'),
(11875, 297, 11854, 'MD. SHOHEL RANA', 'New BR', '1321'),
(11876, 297, 11854, 'MD. SHOHEL RANA', 'New BR', '1322'),
(11877, 297, 11854, 'MD. SHOHEL RANA', 'New BR', '1323'),
(11878, 297, 11854, 'MD. SHOHEL RANA', 'New BR', '1324'),
(11879, 297, 11854, 'MD. SHOHEL RANA', 'New BR', '1325'),
(11880, 298, 0, 'Sahinoor Rahaman', 'Sahinoor Rahaman', ''),
(11881, 298, 11880, 'Sahinoor Rahaman', 'Shafiul Islam', '1326'),
(11882, 298, 11880, 'Sahinoor Rahaman', 'Joyento Roy', '1327'),
(11883, 298, 11880, 'Sahinoor Rahaman', 'Firoj Khan Raju', '1328'),
(11884, 298, 11880, 'Sahinoor Rahaman', 'Rashedul Islam', '1329'),
(11885, 298, 11880, 'Sahinoor Rahaman', 'Monowarul Islam', '1330'),
(11886, 298, 11880, 'Sahinoor Rahaman', 'Mokaddesul Alam', '1331'),
(11887, 298, 11880, 'Sahinoor Rahaman', 'Abdur Rouf Rony', '1332'),
(11888, 298, 11880, 'Sahinoor Rahaman', 'Suruj Sahajada', '1333'),
(11889, 298, 11880, 'Sahinoor Rahaman', 'Ashraful Islam 1', '1334'),
(11890, 298, 11880, 'Sahinoor Rahaman', 'Mahafujar Rahman Bidduth', '1335'),
(11891, 298, 11880, 'Sahinoor Rahaman', 'Shahmim Hosan Shahin', '1336'),
(11892, 298, 11880, 'Sahinoor Rahaman', 'Abdul Hakim', '1337'),
(11893, 298, 11880, 'Sahinoor Rahaman', 'Monjurul Hoque Shohag', '1338'),
(11894, 298, 11880, 'Sahinoor Rahaman', 'Monirujjaman Shetu', '1339'),
(11895, 298, 11880, 'Sahinoor Rahaman', 'Asadur rahman', '1340'),
(11896, 298, 11880, 'Sahinoor Rahaman', 'Md. Farhad Hosan', '1341'),
(11897, 298, 11880, 'Sahinoor Rahaman', 'Md.Maha Alam', '1342'),
(11898, 298, 11880, 'Sahinoor Rahaman', 'New BR', '1343'),
(11899, 298, 11880, 'Sahinoor Rahaman', 'New BR', '1344'),
(11900, 298, 11880, 'Sahinoor Rahaman', 'New BR', '1345'),
(11901, 298, 11880, 'Sahinoor Rahaman', 'New BR', '1346'),
(11902, 298, 11880, 'Sahinoor Rahaman', 'New BR', '1347'),
(11903, 298, 11880, 'Sahinoor Rahaman', 'New BR', '1348'),
(11904, 298, 11880, 'Sahinoor Rahaman', 'New BR', '1349'),
(11905, 298, 11880, 'Sahinoor Rahaman', 'New BR', '1350'),
(11906, 298, 0, 'Md.Akramul Chowdhury', 'Md.Akramul Chowdhury', ''),
(11907, 298, 11906, 'Md.Akramul Chowdhury', 'Md.Moniruzzaman Qurani', '1351'),
(11908, 298, 11906, 'Md.Akramul Chowdhury', 'Md.Motiur Rahman', '1352'),
(11909, 298, 11906, 'Md.Akramul Chowdhury', 'Md.Abu Sayem', '1353'),
(11910, 298, 11906, 'Md.Akramul Chowdhury', 'Md.Azadul Islam', '1354'),
(11911, 298, 11906, 'Md.Akramul Chowdhury', 'Md.Mosiur Rahman', '1355'),
(11912, 298, 11906, 'Md.Akramul Chowdhury', 'Md.Robiul Islam', '1356'),
(11913, 298, 11906, 'Md.Akramul Chowdhury', 'Md. Rubel Ahamed', '1357'),
(11914, 298, 11906, 'Md.Akramul Chowdhury', 'Md. Helal Hossan', '1358'),
(11915, 298, 11906, 'Md.Akramul Chowdhury', 'Md. Milon', '1359'),
(11916, 298, 11906, 'Md.Akramul Chowdhury', 'Md. Azizul Islam', '1360'),
(11917, 298, 11906, 'Md.Akramul Chowdhury', 'Md. Tohidul Islam', '1361'),
(11918, 298, 11906, 'Md.Akramul Chowdhury', 'New BR', '1362'),
(11919, 298, 11906, 'Md.Akramul Chowdhury', 'New BR', '1363'),
(11920, 298, 11906, 'Md.Akramul Chowdhury', 'New BR', '1364'),
(11921, 298, 11906, 'Md.Akramul Chowdhury', 'New BR', '1365'),
(11922, 298, 11906, 'Md.Akramul Chowdhury', 'New BR', '1366'),
(11923, 298, 11906, 'Md.Akramul Chowdhury', 'New BR', '1367'),
(11924, 298, 11906, 'Md.Akramul Chowdhury', 'New BR', '1368'),
(11925, 298, 11906, 'Md.Akramul Chowdhury', 'New BR', '1369'),
(11926, 298, 11906, 'Md.Akramul Chowdhury', 'New BR', '1370'),
(11927, 298, 11906, 'Md.Akramul Chowdhury', 'New BR', '1371'),
(11928, 298, 11906, 'Md.Akramul Chowdhury', 'New BR', '1372'),
(11929, 298, 11906, 'Md.Akramul Chowdhury', 'New BR', '1373'),
(11930, 298, 11906, 'Md.Akramul Chowdhury', 'New BR', '1374'),
(11931, 298, 11906, 'Md.Akramul Chowdhury', 'New BR', '1375'),
(11932, 298, 0, 'Partho protim Chokroborty ', 'Partho protim Chokroborty ', ''),
(11933, 298, 11932, 'Partho protim Chokroborty ', 'Abdul Jalil', '1376'),
(11934, 298, 11932, 'Partho protim Chokroborty ', 'Manoj Kurmar Dash', '1377'),
(11935, 298, 11932, 'Partho protim Chokroborty ', 'Porimol Sorkar', '1378'),
(11936, 298, 11932, 'Partho protim Chokroborty ', 'Abdus Salam', '1379'),
(11937, 299, 11932, 'Partho protim Chokroborty ', 'Shahidul Islam ', '1380'),
(11938, 299, 11932, 'Partho protim Chokroborty ', 'Rubel Islam ', '1381'),
(11939, 299, 11932, 'Partho protim Chokroborty ', 'Amoresh Chandrow', '1382'),
(11940, 299, 11932, 'Partho protim Chokroborty ', 'Sujon Chandra Seen', '1383'),
(11941, 299, 11932, 'Partho protim Chokroborty ', 'Md. Jahid Hasan', '1384'),
(11942, 299, 11932, 'Partho protim Chokroborty ', 'New BR', '1385'),
(11943, 299, 11932, 'Partho protim Chokroborty ', 'New BR', '1386'),
(11944, 299, 11932, 'Partho protim Chokroborty ', 'New BR', '1387'),
(11945, 299, 11932, 'Partho protim Chokroborty ', 'New BR', '1388'),
(11946, 299, 11932, 'Partho protim Chokroborty ', 'New BR', '1389'),
(11947, 299, 11932, 'Partho protim Chokroborty ', 'New BR', '1390'),
(11948, 299, 11932, 'Partho protim Chokroborty ', 'New BR', '1391'),
(11949, 299, 11932, 'Partho protim Chokroborty ', 'New BR', '1392'),
(11950, 299, 11932, 'Partho protim Chokroborty ', 'New BR', '1393'),
(11951, 299, 11932, 'Partho protim Chokroborty ', 'New BR', '1394'),
(11952, 299, 11932, 'Partho protim Chokroborty ', 'New BR', '1395'),
(11953, 299, 11932, 'Partho protim Chokroborty ', 'New BR', '1396'),
(11954, 299, 11932, 'Partho protim Chokroborty ', 'New BR', '1397'),
(11955, 299, 11932, 'Partho protim Chokroborty ', 'New BR', '1398'),
(11956, 299, 11932, 'Partho protim Chokroborty ', 'New BR', '1399'),
(11957, 299, 11932, 'Partho protim Chokroborty ', 'New BR', '1400'),
(11958, 300, 0, 'Kuntol Sen Gupto', 'Kuntol Sen Gupto', ''),
(11959, 300, 11958, 'Kuntol Sen Gupto', 'Proshanta Roy Chowdhary', '1401'),
(11960, 300, 11958, 'Kuntol Sen Gupto', 'Shyamol Kujur', '1402'),
(11961, 300, 11958, 'Kuntol Sen Gupto', 'Md. Jamil Hossain', '1403'),
(11962, 300, 11958, 'Kuntol Sen Gupto', 'Md. Sayful islam', '1404'),
(11963, 300, 11958, 'Kuntol Sen Gupto', 'Momotazur Rahaman', '1405'),
(11964, 300, 11958, 'Kuntol Sen Gupto', 'Nayeb Uddin', '1406'),
(11965, 300, 11958, 'Kuntol Sen Gupto', 'Humayun Sarker', '1407'),
(11966, 300, 11958, 'Kuntol Sen Gupto', 'Anup Chakrobarty', '1408'),
(11967, 300, 11958, 'Kuntol Sen Gupto', 'Tutul Chakrabarti', '1409'),
(11968, 300, 11958, 'Kuntol Sen Gupto', 'Moniruzzaman', '1410'),
(11969, 300, 11958, 'Kuntol Sen Gupto', 'New BR', '1411'),
(11970, 300, 11958, 'Kuntol Sen Gupto', 'New BR', '1412'),
(11971, 300, 11958, 'Kuntol Sen Gupto', 'New BR', '1413'),
(11972, 300, 11958, 'Kuntol Sen Gupto', 'New BR', '1414'),
(11973, 300, 11958, 'Kuntol Sen Gupto', 'New BR', '1415'),
(11974, 300, 11958, 'Kuntol Sen Gupto', 'New BR', '1416'),
(11975, 300, 11958, 'Kuntol Sen Gupto', 'New BR', '1417'),
(11976, 300, 11958, 'Kuntol Sen Gupto', 'New BR', '1418'),
(11977, 300, 11958, 'Kuntol Sen Gupto', 'New BR', '1419'),
(11978, 300, 11958, 'Kuntol Sen Gupto', 'New BR', '1420'),
(11979, 300, 11958, 'Kuntol Sen Gupto', 'New BR', '1421'),
(11980, 300, 11958, 'Kuntol Sen Gupto', 'New BR', '1422'),
(11981, 300, 11958, 'Kuntol Sen Gupto', 'New BR', '1423'),
(11982, 300, 11958, 'Kuntol Sen Gupto', 'New BR', '1424'),
(11983, 300, 11958, 'Kuntol Sen Gupto', 'New BR', '1425'),
(11984, 300, 0, 'Md: Masud Rana', 'Md: Masud Rana', ''),
(11985, 300, 11984, 'Md: Masud Rana', 'Shaheen Ferdous', '1426'),
(11986, 300, 11984, 'Md: Masud Rana', 'Md: Labib Hasan', '1427'),
(11987, 300, 11984, 'Md: Masud Rana', 'Probir Mitro Sing', '1428'),
(11988, 300, 11984, 'Md: Masud Rana', 'Afsarul Haque', '1429'),
(11989, 300, 11984, 'Md: Masud Rana', 'Mahabub Alom', '1430'),
(11990, 300, 11984, 'Md: Masud Rana', 'Md: Mahmud hasan', '1431'),
(11991, 300, 11984, 'Md: Masud Rana', 'Samal chandra', '1432'),
(11992, 300, 11984, 'Md: Masud Rana', 'Rayhanul Islam', '1433'),
(11993, 300, 11984, 'Md: Masud Rana', 'New BR', '1434'),
(11994, 300, 11984, 'Md: Masud Rana', 'New BR', '1435'),
(11995, 300, 11984, 'Md: Masud Rana', 'New BR', '1436'),
(11996, 300, 11984, 'Md: Masud Rana', 'New BR', '1437'),
(11997, 300, 11984, 'Md: Masud Rana', 'New BR', '1438'),
(11998, 300, 11984, 'Md: Masud Rana', 'New BR', '1439'),
(11999, 300, 11984, 'Md: Masud Rana', 'New BR', '1440'),
(12000, 300, 11984, 'Md: Masud Rana', 'New BR', '1441'),
(12001, 300, 11984, 'Md: Masud Rana', 'New BR', '1442'),
(12002, 300, 11984, 'Md: Masud Rana', 'New BR', '1443'),
(12003, 300, 11984, 'Md: Masud Rana', 'New BR', '1444'),
(12004, 300, 11984, 'Md: Masud Rana', 'New BR', '1445'),
(12005, 300, 11984, 'Md: Masud Rana', 'New BR', '1446'),
(12006, 300, 11984, 'Md: Masud Rana', 'New BR', '1447'),
(12007, 300, 11984, 'Md: Masud Rana', 'New BR', '1448'),
(12008, 300, 11984, 'Md: Masud Rana', 'New BR', '1449'),
(12009, 300, 11984, 'Md: Masud Rana', 'New BR', '1450'),
(12010, 301, 0, 'DM.Mahafuzur Rahman Mukul', 'DM.Mahafuzur Rahman Mukul', ''),
(12011, 301, 12010, 'DM.Mahafuzur Rahman Mukul', 'Sayed Mahafuzur Rahman', '1451'),
(12012, 301, 12010, 'DM.Mahafuzur Rahman Mukul', 'MD.Tarekur Rahman', '1452'),
(12013, 301, 12010, 'DM.Mahafuzur Rahman Mukul', 'SM.Babul Akter', '1453'),
(12014, 301, 12010, 'DM.Mahafuzur Rahman Mukul', 'MD.Jubair Ahmed', '1454'),
(12015, 301, 12010, 'DM.Mahafuzur Rahman Mukul', 'MD TORIKUL ISLAM', '1455'),
(12016, 301, 12010, 'DM.Mahafuzur Rahman Mukul', 'SHEIKH REZAUL HAQUE', '1456'),
(12017, 301, 12010, 'DM.Mahafuzur Rahman Mukul', 'MD MUJAHIDUL ISLAM', '1457'),
(12018, 301, 12010, 'DM.Mahafuzur Rahman Mukul', 'MD ASADUZZAMAN', '1458'),
(12019, 301, 12010, 'DM.Mahafuzur Rahman Mukul', 'SM.Younus Ali', '1459'),
(12020, 301, 12010, 'DM.Mahafuzur Rahman Mukul', 'MD ISTEAK AHMED', '1460'),
(12021, 301, 12010, 'DM.Mahafuzur Rahman Mukul', 'TANVIR KABIR PRIENCE', '1461'),
(12022, 301, 12010, 'DM.Mahafuzur Rahman Mukul', 'SM SHAMIM KABIR', '1462'),
(12023, 301, 12010, 'DM.Mahafuzur Rahman Mukul', 'Sarder Ali Azom', '1463'),
(12024, 301, 12010, 'DM.Mahafuzur Rahman Mukul', 'Susanto Das', '1464'),
(12025, 301, 12010, 'DM.Mahafuzur Rahman Mukul', 'New BR', '1465'),
(12026, 301, 12010, 'DM.Mahafuzur Rahman Mukul', 'New BR', '1466'),
(12027, 301, 12010, 'DM.Mahafuzur Rahman Mukul', 'New BR', '1467'),
(12028, 301, 12010, 'DM.Mahafuzur Rahman Mukul', 'New BR', '1468'),
(12029, 301, 12010, 'DM.Mahafuzur Rahman Mukul', 'New BR', '1469'),
(12030, 301, 12010, 'DM.Mahafuzur Rahman Mukul', 'New BR', '1470'),
(12031, 301, 12010, 'DM.Mahafuzur Rahman Mukul', 'New BR', '1471'),
(12032, 301, 12010, 'DM.Mahafuzur Rahman Mukul', 'New BR', '1472'),
(12033, 301, 12010, 'DM.Mahafuzur Rahman Mukul', 'New BR', '1473'),
(12034, 301, 12010, 'DM.Mahafuzur Rahman Mukul', 'New BR', '1474'),
(12035, 301, 12010, 'DM.Mahafuzur Rahman Mukul', 'New BR', '1475'),
(12036, 302, 0, 'MD.Rezaul Islam', 'MD.Rezaul Islam', ''),
(12037, 302, 12036, 'MD.Rezaul Islam', 'Sayed Shaha Alam Milton', '1476'),
(12038, 302, 12036, 'MD.Rezaul Islam', 'Sk. Mostafizur Rahman (Babu)', '1477'),
(12039, 302, 12036, 'MD.Rezaul Islam', 'Md. Asadullah Al-Galib', '1478'),
(12040, 302, 12036, 'MD.Rezaul Islam', 'Md. Abdullah Al-Mamun', '1479'),
(12041, 303, 12036, 'MD.Rezaul Islam', 'MD.Nazmul Hossain', '1480'),
(12042, 303, 12036, 'MD.Rezaul Islam', 'MD.Ikbal Hossain', '1481'),
(12043, 303, 12036, 'MD.Rezaul Islam', 'MD.Humayun Kabir', '1482'),
(12044, 303, 12036, 'MD.Rezaul Islam', 'Md Kamal hossain', '1483'),
(12045, 303, 12036, 'MD.Rezaul Islam', 'Md Razu ahamad', '1484'),
(12046, 303, 12036, 'MD.Rezaul Islam', 'MD.Sadikur Rahman ', '1485'),
(12047, 303, 12036, 'MD.Rezaul Islam', 'MD.Sabur Hossain', '1486'),
(12048, 303, 12036, 'MD.Rezaul Islam', 'MD.Mirazul Islam', '1487'),
(12049, 303, 12036, 'MD.Rezaul Islam', 'Sujon Mollick', '1488'),
(12050, 303, 12036, 'MD.Rezaul Islam', 'MD.Sagor Hossain', '1489'),
(12051, 303, 12036, 'MD.Rezaul Islam', 'New BR', '1490'),
(12052, 303, 12036, 'MD.Rezaul Islam', 'New BR', '1491'),
(12053, 303, 12036, 'MD.Rezaul Islam', 'New BR', '1492'),
(12054, 303, 12036, 'MD.Rezaul Islam', 'New BR', '1493'),
(12055, 303, 12036, 'MD.Rezaul Islam', 'New BR', '1494'),
(12056, 303, 12036, 'MD.Rezaul Islam', 'New BR', '1495'),
(12057, 303, 12036, 'MD.Rezaul Islam', 'New BR', '1496'),
(12058, 303, 12036, 'MD.Rezaul Islam', 'New BR', '1497'),
(12059, 303, 12036, 'MD.Rezaul Islam', 'New BR', '1498'),
(12060, 303, 12036, 'MD.Rezaul Islam', 'New BR', '1499'),
(12061, 303, 12036, 'MD.Rezaul Islam', 'New BR', '1500'),
(12062, 304, 0, 'Anup Kumar Dutta', 'Anup Kumar Dutta', ''),
(12063, 304, 12062, 'Anup Kumar Dutta', 'MD.Shipon Ali', '1501'),
(12064, 304, 12062, 'Anup Kumar Dutta', 'MD.Rakib Hossain', '1502'),
(12065, 304, 12062, 'Anup Kumar Dutta', 'MD.Yeasin Arafat', '1503'),
(12066, 304, 12062, 'Anup Kumar Dutta', 'MD.Mannu Mia', '1504'),
(12067, 304, 12062, 'Anup Kumar Dutta', 'Firoz Al Mamun', '1505'),
(12068, 304, 12062, 'Anup Kumar Dutta', 'MD.Arifuzzaman', '1506'),
(12069, 304, 12062, 'Anup Kumar Dutta', 'MD.Israil Hossain', '1507'),
(12070, 304, 12062, 'Anup Kumar Dutta', 'New BR', '1508'),
(12071, 304, 12062, 'Anup Kumar Dutta', 'New BR', '1509'),
(12072, 304, 12062, 'Anup Kumar Dutta', 'New BR', '1510'),
(12073, 304, 12062, 'Anup Kumar Dutta', 'New BR', '1511'),
(12074, 304, 12062, 'Anup Kumar Dutta', 'New BR', '1512'),
(12075, 304, 12062, 'Anup Kumar Dutta', 'New BR', '1513'),
(12076, 304, 12062, 'Anup Kumar Dutta', 'New BR', '1514'),
(12077, 304, 12062, 'Anup Kumar Dutta', 'New BR', '1515'),
(12078, 304, 12062, 'Anup Kumar Dutta', 'New BR', '1516'),
(12079, 304, 12062, 'Anup Kumar Dutta', 'New BR', '1517'),
(12080, 304, 12062, 'Anup Kumar Dutta', 'New BR', '1518'),
(12081, 304, 12062, 'Anup Kumar Dutta', 'New BR', '1519'),
(12082, 304, 12062, 'Anup Kumar Dutta', 'New BR', '1520'),
(12083, 304, 12062, 'Anup Kumar Dutta', 'New BR', '1521'),
(12084, 304, 12062, 'Anup Kumar Dutta', 'New BR', '1522'),
(12085, 304, 12062, 'Anup Kumar Dutta', 'New BR', '1523'),
(12086, 304, 12062, 'Anup Kumar Dutta', 'New BR', '1524'),
(12087, 304, 12062, 'Anup Kumar Dutta', 'New BR', '1525'),
(12088, 305, 0, 'Md. Johorul Islam', 'Md. Johorul Islam', ''),
(12089, 305, 12088, 'Md. Johorul Islam', 'Sabuj Ali', '1526'),
(12090, 305, 12088, 'Md. Johorul Islam', 'Fayez Ahmed', '1527'),
(12091, 305, 12088, 'Md. Johorul Islam', 'Md. Alamgir Kabir', '1528'),
(12092, 305, 12088, 'Md. Johorul Islam', 'Khandakar Alamin', '1529'),
(12093, 305, 12088, 'Md. Johorul Islam', 'Md. Eassir Alif', '1530'),
(12094, 305, 12088, 'Md. Johorul Islam', 'Ferdush Ahmed', '1531'),
(12095, 305, 12088, 'Md. Johorul Islam', 'Md. Shaha Zamal', '1532'),
(12096, 305, 12088, 'Md. Johorul Islam', 'Md. Oliul Islam', '1533'),
(12097, 305, 12088, 'Md. Johorul Islam', 'Md. Mazarul Anwar', '1534'),
(12098, 306, 12088, 'Md. Johorul Islam', 'Delwar Hossain', '1535'),
(12099, 306, 12088, 'Md. Johorul Islam', 'Md.Feroj Ahammed', '1536'),
(12100, 306, 12088, 'Md. Johorul Islam', 'Md. Mustafizur Rahman ', '1537'),
(12101, 306, 12088, 'Md. Johorul Islam', 'Md. Saiduzzaman', '1538'),
(12102, 306, 12088, 'Md. Johorul Islam', 'Md. Hafizur Rahaman', '1539');
INSERT INTO `representatives` (`id`, `house_id`, `superviser_id`, `superviser_name`, `name`, `br_code`) VALUES
(12103, 306, 12088, 'Md. Johorul Islam', 'Md.Khairul Islam', '1540'),
(12104, 306, 12088, 'Md. Johorul Islam', 'Faruk Hossain ', '1541'),
(12105, 306, 12088, 'Md. Johorul Islam', 'New BR', '1542'),
(12106, 306, 12088, 'Md. Johorul Islam', 'New BR', '1543'),
(12107, 306, 12088, 'Md. Johorul Islam', 'New BR', '1544'),
(12108, 306, 12088, 'Md. Johorul Islam', 'New BR', '1545'),
(12109, 306, 12088, 'Md. Johorul Islam', 'New BR', '1546'),
(12110, 306, 12088, 'Md. Johorul Islam', 'New BR', '1547'),
(12111, 306, 12088, 'Md. Johorul Islam', 'New BR', '1548'),
(12112, 306, 12088, 'Md. Johorul Islam', 'New BR', '1549'),
(12113, 306, 12088, 'Md. Johorul Islam', 'New BR', '1550'),
(12114, 307, 0, 'Md. Sohel Rana Dalim', 'Md. Sohel Rana Dalim', ''),
(12115, 307, 12114, 'Md. Sohel Rana Dalim', 'Md. Samad Ali ', '1551'),
(12116, 307, 12114, 'Md. Sohel Rana Dalim', 'Md.Akramul Haque', '1552'),
(12117, 307, 12114, 'Md. Sohel Rana Dalim', 'Md. Naziur Rahman', '1553'),
(12118, 307, 12114, 'Md. Sohel Rana Dalim', 'Md.Rana Hamid', '1554'),
(12119, 307, 12114, 'Md. Sohel Rana Dalim', 'Md. Mamun Sazzad', '1555'),
(12120, 307, 12114, 'Md. Sohel Rana Dalim', 'Md. Ariful Islam', '1556'),
(12121, 307, 12114, 'Md. Sohel Rana Dalim', 'Md.Mohobbot Ali', '1557'),
(12122, 307, 12114, 'Md. Sohel Rana Dalim', 'Md.Humayun Kobir', '1558'),
(12123, 307, 12114, 'Md. Sohel Rana Dalim', 'New BR', '1559'),
(12124, 307, 12114, 'Md. Sohel Rana Dalim', 'New BR', '1560'),
(12125, 307, 12114, 'Md. Sohel Rana Dalim', 'New BR', '1561'),
(12126, 307, 12114, 'Md. Sohel Rana Dalim', 'New BR', '1562'),
(12127, 307, 12114, 'Md. Sohel Rana Dalim', 'New BR', '1563'),
(12128, 307, 12114, 'Md. Sohel Rana Dalim', 'New BR', '1564'),
(12129, 307, 12114, 'Md. Sohel Rana Dalim', 'New BR', '1565'),
(12130, 307, 12114, 'Md. Sohel Rana Dalim', 'New BR', '1566'),
(12131, 307, 12114, 'Md. Sohel Rana Dalim', 'New BR', '1567'),
(12132, 307, 12114, 'Md. Sohel Rana Dalim', 'New BR', '1568'),
(12133, 307, 12114, 'Md. Sohel Rana Dalim', 'New BR', '1569'),
(12134, 307, 12114, 'Md. Sohel Rana Dalim', 'New BR', '1570'),
(12135, 307, 12114, 'Md. Sohel Rana Dalim', 'New BR', '1571'),
(12136, 307, 12114, 'Md. Sohel Rana Dalim', 'New BR', '1572'),
(12137, 307, 12114, 'Md. Sohel Rana Dalim', 'New BR', '1573'),
(12138, 307, 12114, 'Md. Sohel Rana Dalim', 'New BR', '1574'),
(12139, 307, 12114, 'Md. Sohel Rana Dalim', 'New BR', '1575'),
(12140, 308, 0, 'Md. Nazmul Hasan', 'Md. Nazmul Hasan', ''),
(12141, 308, 12140, 'Md. Nazmul Hasan', 'Md. Mostak Ahmed', '1576'),
(12142, 308, 12140, 'Md. Nazmul Hasan', 'Md. Sabbir Hossain', '1577'),
(12143, 308, 12140, 'Md. Nazmul Hasan', 'Sushanta Kumar Das', '1578'),
(12144, 308, 12140, 'Md. Nazmul Hasan', 'Saumen Kundu', '1579'),
(12145, 308, 12140, 'Md. Nazmul Hasan', 'Debadrata Dhali', '1580'),
(12146, 308, 12140, 'Md. Nazmul Hasan', 'Md Nuruzzaman Sohan', '1581'),
(12147, 308, 12140, 'Md. Nazmul Hasan', 'Md.Nasir', '1582'),
(12148, 308, 12140, 'Md. Nazmul Hasan', 'Md.Imran Hossain', '1583'),
(12149, 308, 12140, 'Md. Nazmul Hasan', 'Liton Kumar Roy', '1584'),
(12150, 308, 12140, 'Md. Nazmul Hasan', 'Rahul Datta', '1585'),
(12151, 309, 12140, 'Md. Nazmul Hasan', 'Md. Imran Mia', '1586'),
(12152, 309, 12140, 'Md. Nazmul Hasan', 'Md. Sazzad Hossain', '1587'),
(12153, 309, 12140, 'Md. Nazmul Hasan', 'Md. Jahangir', '1588'),
(12154, 309, 12140, 'Md. Nazmul Hasan', 'Md. Najirul Islam Rone', '1589'),
(12155, 309, 12140, 'Md. Nazmul Hasan', 'Usman Goni', '1590'),
(12156, 309, 12140, 'Md. Nazmul Hasan', 'New BR', '1591'),
(12157, 309, 12140, 'Md. Nazmul Hasan', 'New BR', '1592'),
(12158, 309, 12140, 'Md. Nazmul Hasan', 'New BR', '1593'),
(12159, 309, 12140, 'Md. Nazmul Hasan', 'New BR', '1594'),
(12160, 309, 12140, 'Md. Nazmul Hasan', 'New BR', '1595'),
(12161, 309, 12140, 'Md. Nazmul Hasan', 'New BR', '1596'),
(12162, 309, 12140, 'Md. Nazmul Hasan', 'New BR', '1597'),
(12163, 309, 12140, 'Md. Nazmul Hasan', 'New BR', '1598'),
(12164, 309, 12140, 'Md. Nazmul Hasan', 'New BR', '1599'),
(12165, 309, 12140, 'Md. Nazmul Hasan', 'New BR', '1600'),
(12166, 310, 0, 'Sakil Sarower', 'Sakil Sarower', ''),
(12167, 310, 12166, 'Sakil Sarower', 'Md. Salek Molla', '1601'),
(12168, 310, 12166, 'Sakil Sarower', 'Sumbo Chondro', '1602'),
(12169, 310, 12166, 'Sakil Sarower', 'Mofizul Rahman', '1603'),
(12170, 310, 12166, 'Sakil Sarower', 'Salauddin Eamon', '1604'),
(12171, 310, 12166, 'Sakil Sarower', 'Md. Sherajul Islam', '1605'),
(12172, 310, 12166, 'Sakil Sarower', 'Anoick Chowdary', '1606'),
(12173, 310, 12166, 'Sakil Sarower', 'Md. Fukrul Islam ( Razu)', '1607'),
(12174, 310, 12166, 'Sakil Sarower', 'Md.Rejwan', '1608'),
(12175, 310, 12166, 'Sakil Sarower', 'Sariful islam', '1609'),
(12176, 310, 12166, 'Sakil Sarower', 'Nihar Mondol', '1610'),
(12177, 311, 12166, 'Sakil Sarower', 'Md. Mahshin', '1611'),
(12178, 311, 12166, 'Sakil Sarower', 'Md.Emran Hossain', '1612'),
(12179, 311, 12166, 'Sakil Sarower', 'Md. Salauddin', '1613'),
(12180, 311, 12166, 'Sakil Sarower', 'Md. Arif', '1614'),
(12181, 311, 12166, 'Sakil Sarower', 'New BR', '1615'),
(12182, 311, 12166, 'Sakil Sarower', 'New BR', '1616'),
(12183, 311, 12166, 'Sakil Sarower', 'New BR', '1617'),
(12184, 311, 12166, 'Sakil Sarower', 'New BR', '1618'),
(12185, 311, 12166, 'Sakil Sarower', 'New BR', '1619'),
(12186, 311, 12166, 'Sakil Sarower', 'New BR', '1620'),
(12187, 311, 12166, 'Sakil Sarower', 'New BR', '1621'),
(12188, 311, 12166, 'Sakil Sarower', 'New BR', '1622'),
(12189, 311, 12166, 'Sakil Sarower', 'New BR', '1623'),
(12190, 311, 12166, 'Sakil Sarower', 'New BR', '1624'),
(12191, 311, 12166, 'Sakil Sarower', 'New BR', '1625'),
(12192, 312, 0, 'Abul Kalam Azad', 'Abul Kalam Azad', ''),
(12193, 312, 12192, 'Abul Kalam Azad', 'Mahmud Hasan', '1626'),
(12194, 312, 12192, 'Abul Kalam Azad', 'Sumon Mojumdar', '1627'),
(12195, 312, 12192, 'Abul Kalam Azad', 'Jahidul Islam', '1628'),
(12196, 312, 12192, 'Abul Kalam Azad', 'Md.Nazmul Shakib', '1629'),
(12197, 312, 12192, 'Abul Kalam Azad', 'Jitu Alam', '1630'),
(12198, 312, 12192, 'Abul Kalam Azad', 'Sajidul Islam', '1631'),
(12199, 313, 12192, 'Abul Kalam Azad', 'Rofiquzzaman Rasel', '1632'),
(12200, 313, 12192, 'Abul Kalam Azad', 'Md. Bappey', '1633'),
(12201, 313, 12192, 'Abul Kalam Azad', 'Md. Jalil', '1634'),
(12202, 313, 12192, 'Abul Kalam Azad', 'Hironmoy Mondol', '1635'),
(12203, 313, 12192, 'Abul Kalam Azad', 'New BR', '1636'),
(12204, 313, 12192, 'Abul Kalam Azad', 'New BR', '1637'),
(12205, 313, 12192, 'Abul Kalam Azad', 'New BR', '1638'),
(12206, 313, 12192, 'Abul Kalam Azad', 'New BR', '1639'),
(12207, 313, 12192, 'Abul Kalam Azad', 'New BR', '1640'),
(12208, 313, 12192, 'Abul Kalam Azad', 'New BR', '1641'),
(12209, 313, 12192, 'Abul Kalam Azad', 'New BR', '1642'),
(12210, 313, 12192, 'Abul Kalam Azad', 'New BR', '1643'),
(12211, 313, 12192, 'Abul Kalam Azad', 'New BR', '1644'),
(12212, 313, 12192, 'Abul Kalam Azad', 'New BR', '1645'),
(12213, 313, 12192, 'Abul Kalam Azad', 'New BR', '1646'),
(12214, 313, 12192, 'Abul Kalam Azad', 'New BR', '1647'),
(12215, 313, 12192, 'Abul Kalam Azad', 'New BR', '1648'),
(12216, 313, 12192, 'Abul Kalam Azad', 'New BR', '1649'),
(12217, 313, 12192, 'Abul Kalam Azad', 'New BR', '1650'),
(12218, 314, 0, 'Md. Al Amin', 'Md. Al Amin', ''),
(12219, 314, 12218, 'Md. Al Amin', 'Mr. Gobindo', '1651'),
(12220, 314, 12218, 'Md. Al Amin', 'Md. Nobin', '1652'),
(12221, 314, 12218, 'Md. Al Amin', 'Saiful Islam Atik', '1653'),
(12222, 315, 12218, 'Md. Al Amin', 'Md. Basir Ahmed', '1654'),
(12223, 315, 12218, 'Md. Al Amin', 'Md. Al- Mahamud', '1655'),
(12224, 315, 12218, 'Md. Al Amin', 'Md. Tanjir Mia', '1656'),
(12225, 315, 12218, 'Md. Al Amin', 'Md. Saiful  Islam', '1657'),
(12226, 315, 12218, 'Md. Al Amin', 'New BR', '1658'),
(12227, 315, 12218, 'Md. Al Amin', 'New BR', '1659'),
(12228, 315, 12218, 'Md. Al Amin', 'New BR', '1660'),
(12229, 315, 12218, 'Md. Al Amin', 'New BR', '1661'),
(12230, 315, 12218, 'Md. Al Amin', 'New BR', '1662'),
(12231, 315, 12218, 'Md. Al Amin', 'New BR', '1663'),
(12232, 315, 12218, 'Md. Al Amin', 'New BR', '1664'),
(12233, 315, 12218, 'Md. Al Amin', 'New BR', '1665'),
(12234, 315, 12218, 'Md. Al Amin', 'New BR', '1666'),
(12235, 315, 12218, 'Md. Al Amin', 'New BR', '1667'),
(12236, 315, 12218, 'Md. Al Amin', 'New BR', '1668'),
(12237, 315, 12218, 'Md. Al Amin', 'New BR', '1669'),
(12238, 315, 12218, 'Md. Al Amin', 'New BR', '1670'),
(12239, 315, 12218, 'Md. Al Amin', 'New BR', '1671'),
(12240, 315, 12218, 'Md. Al Amin', 'New BR', '1672'),
(12241, 315, 12218, 'Md. Al Amin', 'New BR', '1673'),
(12242, 315, 12218, 'Md. Al Amin', 'New BR', '1674'),
(12243, 315, 12218, 'Md. Al Amin', 'New BR', '1675'),
(12245, 259, 10459, 'Md. Rakib Hossen', 'Again Just test', '987654321');

-- --------------------------------------------------------

--
-- Table structure for table `surveys`
--

CREATE TABLE IF NOT EXISTS `surveys` (
  `id` int(11) NOT NULL AUTO_INCREMENT,
  `campaign_id` int(11) NOT NULL,
  `house_id` int(11) NOT NULL,
  `representative_id` int(11) NOT NULL,
  `rep_phone` varchar(15) NOT NULL,
  `mo_log_id` int(11) NOT NULL,
  `survey_counter` int(3) NOT NULL DEFAULT '1',
  `name` varchar(50) NOT NULL,
  `phone` varchar(15) NOT NULL,
  `age` int(4) NOT NULL,
  `adc` int(11) NOT NULL,
  `occupation_id` int(3) NOT NULL,
  `feedback_taken` tinyint(1) NOT NULL DEFAULT '0',
  `feedback_skipped` tinyint(1) NOT NULL DEFAULT '0',
  `created` datetime NOT NULL,
  `modified` datetime NOT NULL,
  PRIMARY KEY (`id`)
) ENGINE=MyISAM  DEFAULT CHARSET=latin1 AUTO_INCREMENT=52 ;

--
-- Dumping data for table `surveys`
--

INSERT INTO `surveys` (`id`, `campaign_id`, `house_id`, `representative_id`, `rep_phone`, `mo_log_id`, `survey_counter`, `name`, `phone`, `age`, `adc`, `occupation_id`, `feedback_taken`, `feedback_skipped`, `created`, `modified`) VALUES
(20, 8, 259, 10460, '8801914825528', 51, 1, 'BILLAH', '01685089561', 24, 10, 2, 0, 0, '2013-07-28 03:52:46', '2013-08-07 11:48:57'),
(21, 8, 259, 10460, '8801914825528', 52, 2, 'CAPAL', '01685089571', 19, 15, 2, 0, 0, '2013-07-28 03:52:57', '2013-08-07 11:48:57'),
(22, 8, 259, 10460, '8801914825528', 53, 3, 'DELOWAR', '01685089541', 34, 20, 1, 0, 0, '2013-07-28 03:53:05', '2013-08-07 11:48:57'),
(23, 8, 259, 10461, '8801914825528', 54, 4, 'ERFAN', '01785089541', 34, 8, 2, 0, 0, '2013-07-28 03:53:38', '2013-08-07 11:48:57'),
(24, 8, 263, 10609, '8801914825528', 55, 1, 'EMTI', '01785089521', 24, 18, 2, 0, 0, '2013-07-28 03:53:46', '2013-07-28 03:53:46'),
(25, 8, 263, 10609, '8801914825528', 56, 2, 'EMTI', '01785089531', 23, 11, 2, 0, 0, '2013-07-28 03:53:54', '2013-07-28 03:53:54'),
(26, 8, 266, 10746, '8801914825528', 57, 1, 'RIFAT', '01185089531', 23, 11, 3, 0, 0, '2013-07-28 03:54:05', '2013-07-28 03:54:05'),
(27, 8, 266, 10746, '8801914825528', 58, 2, 'EMON', '01785079531', 33, 15, 2, 0, 0, '2013-07-28 03:54:12', '2013-07-28 03:54:12'),
(28, 8, 266, 10746, '8801914825528', 59, 3, 'EMAN', '01885079531', 33, 15, 2, 0, 0, '2013-07-28 03:54:19', '2013-07-28 03:54:19'),
(29, 8, 301, 12019, '8801914825528', 60, 1, 'ASHRAF', '01785079591', 33, 15, 2, 1, 0, '2013-07-28 03:54:29', '2013-08-18 22:36:09'),
(30, 8, 301, 12019, '8801914825528', 61, 2, 'RIFAT', '01785079532', 33, 15, 2, 0, 0, '2013-07-28 03:54:36', '2013-07-28 03:54:36'),
(31, 8, 301, 12020, '8801914825528', 62, 1, 'RAJU', '01785079533', 33, 10, 4, 0, 0, '2013-07-28 03:54:45', '2013-07-28 03:54:45'),
(32, 8, 303, 10460, '8801914825528', 83, 1, 'BILLAH', '01155599867', 24, 10, 2, 0, 0, '2013-07-30 01:27:38', '2013-07-30 19:26:59'),
(33, 8, 259, 10460, '8801914825528', 71, 1, 'SIMIR MIA', '01911174810', 24, 12, 2, 0, 0, '2013-07-29 01:36:08', '2013-08-07 09:17:39'),
(34, 8, 259, 10460, '8801914825528', 73, 2, 'ABDUR RAHMAN', '01911174815', 24, 12, 2, 0, 0, '2013-07-29 01:58:41', '2013-07-29 01:59:10'),
(35, 8, 259, 10460, '8801914825528', 74, 1, 'BILLAH', '01685999999', 24, 10, 2, 0, 1, '2013-07-30 18:20:27', '2013-09-04 11:25:48'),
(36, 8, 259, 10460, '8801914825528', 75, 1, 'BILLAH', '01685999990', 24, 10, 2, 0, 1, '2013-07-30 18:20:36', '2013-09-04 11:25:55'),
(37, 8, 259, 10460, '8801914825528', 76, 1, 'BILLAH', '01685999960', 24, 10, 2, 0, 1, '2013-07-30 18:20:46', '2013-09-04 11:26:05'),
(38, 8, 259, 10460, '8801914825528', 77, 1, 'BILLAH', '01685999967', 24, 10, 2, 0, 1, '2013-07-30 19:17:50', '2013-09-04 11:26:10'),
(39, 8, 259, 10460, '8801914825528', 78, 1, 'BILLAH', '01685999867', 24, 10, 2, 0, 1, '2013-07-30 19:17:59', '2013-09-04 11:26:14'),
(40, 8, 259, 10460, '8801914825528', 79, 1, 'BILLAH', '01685599867', 24, 10, 2, 0, 1, '2013-07-30 19:21:22', '2013-09-04 11:26:18'),
(41, 8, 259, 10460, '8801914825528', 80, 1, 'BILLAH', '01585599867', 24, 10, 2, 0, 1, '2013-07-30 19:22:49', '2013-09-04 11:26:23'),
(42, 8, 259, 10460, '8801914825528', 90, 3, 'BILLAH', '01155599067', 24, 10, 2, 0, 1, '2013-07-30 19:58:14', '2013-09-04 11:26:27'),
(43, 8, 259, 10460, '8801914825528', 91, 4, 'BILLAH', '01155599007', 24, 10, 2, 0, 1, '2013-07-30 20:02:54', '2013-09-04 11:26:31'),
(44, 8, 259, 10460, '8801914825528', 93, 5, 'BILLAH', '01155509007', 24, 10, 2, 0, 1, '2013-07-30 20:03:14', '2013-09-04 11:26:34'),
(45, 8, 259, 10460, '8801914825528', 94, 6, 'BILLAH', '01955509007', 24, 10, 2, 0, 1, '2013-07-30 20:04:15', '2013-09-04 11:26:37'),
(46, 8, 259, 10460, '8801914825528', 95, 7, 'BILLAH', '01955509000', 24, 10, 2, 0, 1, '2013-07-30 20:05:27', '2013-09-04 11:26:40'),
(47, 8, 259, 10460, '8801914825528', 96, 8, 'BILLAH', '01955500000', 24, 10, 2, 0, 1, '2013-07-30 20:06:09', '2013-09-04 11:26:47'),
(48, 8, 259, 10460, '8801914825528', 98, 9, 'BILLAH', '01155500000', 24, 10, 2, 0, 1, '2013-07-30 20:06:52', '2013-09-04 11:26:50'),
(51, 8, 259, 10461, '8801914825528', 106, 1, 'SIMIR MIA', '01685089561', 24, 12, 2, 0, 1, '2013-07-30 00:08:01', '2013-09-04 11:26:53');

-- --------------------------------------------------------

--
-- Table structure for table `users`
--

CREATE TABLE IF NOT EXISTS `users` (
  `id` int(11) NOT NULL AUTO_INCREMENT,
  `first_name` varchar(20) NOT NULL,
  `last_name` varchar(20) NOT NULL,
  `email` varchar(128) NOT NULL,
  `password` varchar(50) NOT NULL,
  `is_cc` tinyint(1) NOT NULL DEFAULT '0',
  `pagination_limit` int(4) NOT NULL DEFAULT '10',
  `created` datetime NOT NULL,
  `modified` datetime NOT NULL,
  PRIMARY KEY (`id`)
) ENGINE=MyISAM  DEFAULT CHARSET=latin1 AUTO_INCREMENT=9 ;

--
-- Dumping data for table `users`
--

INSERT INTO `users` (`id`, `first_name`, `last_name`, `email`, `password`, `is_cc`, `pagination_limit`, `created`, `modified`) VALUES
(6, 'Mushfiqur', 'Rahman', 'mushfique@codetrio.com', 'c112e8d4ac9314e97bd1554c09245294e53b9095', 1, 15, '2013-07-24 10:58:31', '2013-09-05 09:14:07'),
(7, 'Kaysar', 'Ahmed', 'kaisar@gmail.com', 'c112e8d4ac9314e97bd1554c09245294e53b9095', 0, 10, '2013-08-07 08:58:39', '2013-08-07 08:58:39'),
(8, 'Abdul', 'Kayyum', 'abd@gmail.com', '111111', 0, 10, '0000-00-00 00:00:00', '0000-00-00 00:00:00');
